-Ź,ȲݰŹ  ,
Ҹ,ҸӴ ,
ϸ,Ҿƹ ,
??,. ǽ  ࿩ ɱ ϰ ϴ  Ÿ  ,
??,??-??-??. ƴϿ ,
,????.  ,
ɼ, ,
,. '' ϴ  ,
,̳. ϴ ٿ ޶  ̰ ӳĴ  Ÿ  ,
,",  ",
,.     ,
ְ,ڶٰ    Ҹ ,
̱⿩,̰ '  Ÿ  ,
, ,
, ޲. Ҹ  ,
,ÿ ,
⿩,", ׷ ",
װŹ,ƻԽ ,
ֽ,۽ ,
Ը,Ը޼հԸ޼. ׷⿡.  ׷ٴ  Ÿ  ,
ԩ,. ׷. ض  ڸ ׷ٴ  Ÿ  ,
ū ,ټ  °  ,
ū ,ټ  °  ,
ū,ټ  ° η  ,
 ,ټ  °  ,
 ,ټ  °  ,
,ټ  ° η  ,
 ,  ,
 ???,  ,
 ƹ,ߺ ,
 ,  ,
 ,  ,
 ,  ,
 ,  ,
 ,  ,
,",  ",
,",   ",
 ???,  ,
 ,Ŷ ,
 ,  ,
 ,ź ,
, ,
,.  ,
, ,
 ???,°  ,
 ,°  ,
 ???,° Ƶ ,
,°  ,
,  ° η  ,
, ,
 ,  ,
ٽ,ٽ. . Ǹ ξ η  ,
??? ,  ,
??? ,  ,
???,.  ,
?? ,  ,
??, ,
, ,
 ,  ,
???,׻ ,
???ġ,Բ ִ ,
???η,Ժη ,
???, ,
???, ,
???,"ѵ, Բ ",
, ,
,  ,
,  ,
߰Ŵ,.  ϴ ο ư  ,
ââ,ûû ,
 ???, ,
 ," ,   ",
, ,
鸸,巡巡. ,
Ͽ,. ,
η,"ַ̡巷<ɵη. ġ  ״ ִ , ̳ ʰ ¿ . ",
,ٻٻ. ,
,ٻ. ,
ӷӷ,. ¦¦. ,
???,. ,
õ,. ,
??????,ſ ڼ. ,
???,"߰, ð. ",
??,. ,
??,"???. Ĳ, ڼ. ",
??,ڸ. ,
????,"????. , . ",
,. ,
,. ,
װ,׵. ,
ٷ,ùٸ ,
,", ݾ. ",
,ڱ׸. ,
,. ,
մ,"ִٰ, ̵. ",
??,ó. ,
Ģ,"Ģ, , Ʊ. ",
̽Ŀ,"̽, . ",
̷,̸. ,
̵,. ,
,"Ƿ,   . ",
ü,", . ",
ͽ,޺ ϰ ش  ,
, ,
, ,
,̿. ̸ ,
,Ʋ ,
,"̿. ̸, ̷ ",
η,. Ϻη ,
װ,"̡վ̡վ¡. , 밭,  ",
, ,
,",  ",
޹, ,
??,???????. Ƕϸ ,
, ,
,° ,
׷,", ü  ",
Ƹ,ƹ̿. ƹ ,
Ƹ絵,"Ƹصվƹ̿ص. ϸص, ƹ ص ",
Ƹ糪,"Ƹ̳վƹ̳̿. ƹ, ƹԳ ",
???¦,???±. ¦ ,
??,"繵,  ",
??η,"ɴ , 񱸸   ",
ɲ, ,
, ,
¦,׸Ӵ ,
, ,
Ҽ,"ణ,  ",
ҵ,ζ.       ,
???, ,
???,ٽ ,
??, ,
??,???.  ,
??,"ٽ,  ",
??, ,
ϩ,. ׷ ,
󵵷,η. ƹϵ ʰ ִ   ,
,񽺵 ,
β,β ,
,<ڻ<ϻ. ̳ Ǯ     ,
??,ٸ ,
,   Ÿ ,
,", ״ ",
,ݶ. ½( ġ )  ,
,???¦. 컶 ,
,佺 ,
跮,"׵, ״  ",
??,ݵ ,
ٶ,ٶ. ڱ  . ѹ   ְų  ̴  ,
??????,", ۸ ",
???,<. Ų ձ۰ ,
??ħ,ħ ,
в,в. ƹ   ,
̸,̸. ̸ ,
̷,"Ͽ,  ",
¦,>???¦. 컶 ,
,. ̲   ,
, ,
,. ɴ  ,
,ϸ. 㹰   ,
,"<չ<жչн. ɼ   ,  ɴ  ",
???,  ,
೪,  ,
,"ⲯ, , Ѳ ",
,",  踷 ",
?????, ,
??,??.  ,
??????,<??????.  ,
??????,<??????.    ,
???, ,
??????,ٴ ,
??????,ܴ ,
߱ٶ߱,õõ ߰ſ  ,
,>???.  ,
ҽǵҽ,幮幮 ,
ҽ÷,  幮幮 ,
ι,幰 ,
, ,
,  ں  ,
,. ѹ ,
,н ,
, ,
ɷ,밭 ,
ޱ׶ޱ׶,ޱ׶ޱ׶. ްް ,
ٸ,"ٸ,  ",
??,", ᱹ ",
,ʰ ,
, ,
??????,õõ ,
,". ϰ,    ",
ʺ,ϰ ,
ʹ,ʹ ,
ʱ׷,ʱ׷ ,
???¦??Ƽ,ʰ ,
???¦,¦ ,
???, ,
???,???. ( ) ,
??????,??????.  ۰Ÿ  ,
????, ,
????, ̴  ,
??, ,
??,<??. <. ,
????,<????.  ,
??,"ó, ׷ ",
,׷Ա ,
,.  ,
׸,׸ŭ ,
׵,??<??.  ,
׳,׷ձ׿ձ⿵. ׷ ,
׳,. ״ ,
,ൿ  ,
,Ӱ ,
,ۡ???.  ,
,"⿵ձ׿, ׷, ׸ ",
ۻۻ,ߺ ,
Թ,׷ ,
, ,
°,ձ. ڱ ,
Ը,"Ը޼հԸ޼. ׷⿡, ׷Ƿ ",
Գ,"׷, ׷ϱ ",
ǼǼ,밭밭 ,
,.  ,
ž,ɸ.  ,
Ųܷ,ż. Ųٷ ,
,Ժη ,
??,",  . ",
??,ο. ,
٩,. ,
ﰭ??,׶??. ϴ. ,
Ź??,Ź  混ϴ. ,
a??,ϴ. ,
aa??,ϴ. ,
a,. ,
ȯĥ??,"ϴ, ȯϴ. ",
ȣǴ,ϴ. ,
??,  ܴ ʴ. ,
󽺷, ϴ. ,
㿵??,쿵??١??<??. 㿸. ,
巷??,"Ǵ, Ǽ . ",
??,ſ . ,
Ͼ??,ؾ??. Ͼ. ,
ϴ,. ,
ǫñ??,"ϴ, ׶ϴ. ",
Ǫ,"Ǫϴ, ϴ. ",
??,ϴ. ,
Ķ??,Ķ. ,
???,Ծ. ,
????????,ܴϴ. ưưϴ ,
??,׶ϴ. ,
ūū??,ſ ũ. ,
ڼҷ??,<??. ϴ<ϴ. ,
????????٩,"ϴ, õõϴ. ",
??,. ,
??٩,(). ,
??٩,¥. ,
??٩,(ػ). ,
????,ϴ. ,
??,ϴ. ,
,⽺. ,
ʶ,",   . ",
???,", . ",
????????,ϴ. ,
???,"ô, ϴ. ",
????????,ſ ô. ,
???,ߴ. ,
????????,ϴ. ,
??,??? <?? ???. ڸ. ,
??,<?? ϴ. ,
, . ϴ. ,
??,ſ . ,
??, . ,
(),. ,
ġ,"ϴ, ڴ, . ",
,̴߰. ,
,ڴ. ,
,⻵Ͽ. ,
ٴ,. ,
??,ſ . ,
ٸ,ٸ. ,
??,ſ . ,
??,"ſ ۴, ſ . ",
,"۴, . ",
,. ,
,ʱ׷ ϴ. ,
??,??. ۴. ,
??ҷ??,"µ ϴ, ϰ ϴ. ",
̻??,̻ڴ. ,
̶??,ϴ. ,
??,ϴ. ,
??,ٴ÷    ִ. ,
??,ħϴ. ???. ,
,ȶϴ. ,
ܴ,տ??١տ??. ָ  ܷӴ. ,
տ??,Ҹ ò. ,
ο??,ϴ. ,
οħħ??,ħħϴ. ,
ͶͶ??,  Ͼ  䳻. ,
ͶͶ??,??. ϴ<߲߲ϴ. ,
˻??,"  ϴ, ŷ , ڸ . ",
¦??,??. ϴ. ,
??,"÷綱  ν ʰ ˰,   ̽ϴ. ",
??,칫??. ϴ<칬ϴ. ,
,.  . 質̸ Դ. ,
,. ,
??,"ϴ, ϴ. ",
,", Ǵ. ",
,. . ,
,. . ,
??,. ,
߰??,"߱??.  ϴ, ǽɽ.  帮۵ϴ.",
??,󶳶ϴ. ,
߼??, ߴ. ġϴ. ,
߸,. ,
ߵ,", . ",
˸,. ,
ƴϲŻ󽺷,ġ ƴϲŴ. ,
Ƴ??,Ƴ??١վƵ??. ƴϴ. ,
Ʊ,Ϳ. ,
????,Һϴ. ,
????,????.   ÿϴ.   ɴ  ִ. ,
??????,ٻ   ִ. ,
˴,"մ. ִ, ô(˴, ˰, , þ, ô). ",
,ȴ. ,
Ƿƴ,Ǹ. . ,
Ľ??,??.  ̽ϴ. ϴ. ,
??,ϴ. ,
Ǽ??,"ڻϴ, Ͻϴ. ",
??,˼ϴ. ,
,". , , ưưϴ. ",
??,??. ϴ. ,
۶??,ſ ϴ. ,
ι,糳. ,
δ, ׸ ġ ִ.  ׷ ϴ(׾ δ).,
??,"ϴ, ϴ. ",
â??,", . ",
,ϴ. ,
??,??. ̴̰. ,
ġ,"???١???ġ. ,   . ",
??, . ,
??, ϴ.  Ⱑ  ϴ. ,
??,??. ϴ<ϴ. ,
???,. ,
??,???. . ,
??,ϴ. ,
??,. ,
ұ??,ұ??. ұ׽ϴ. ,
ұ??,׷ϴ. ,
ѿ??,ѿ. ,
??,ϴ. ,
y??, Ƣ ̴. ,
ġ,ġ١պ. β. ,
??,ϴ. ,
ο??,ο. ,
??,ڻ??.<ϻ??.  . ,
??,??. . ,
̴,. 콽. ,
,??. ε巴. ,
??,ٸ. ,
,ٶ. ,
,",  ƴϴ. ",
??,⸧ ִ. ,
,̴. ,
??,ϴ. ,
ġ,. . ,
,. ,
??,"ϴ, ϴ. ",
??,ַ??. ϴ. ϴ. ƹ ͵ . ,
???,. ,
?????,??<ж??. ϴ. ,
????????,ϴ. ,
?????,?????<ε??. ձ۰ Ų. ,
????,"Ƿ ¥Ի  ӻ ,  . ",
״, . ,
̽??,"ϴ,  ׿ ִ. ",
̼̼??,޽޽ϴ. ,
̷,̲ϴ. ,
̲??,Թϴ. ,
׶??,???׶??.  Ŭϴ. ,
,. ,
ĥĥ??,"???ĥ???ĥ??. ųųϴ, Թϴ. ",
??,"??. ųųϴ, ̲. ",
,. ǵϴ. ,
,ڶ. ,
,"ʴ, . ",
൵??,ϴ. ,
??, . ,
?????,ϴ. ,
????,ħϴ. ,
???ڷ??,?????. ϴ. ,
????????٩,ſ ޴. ,
??,ܴϴ. ,
ι,幰. ,
θû??,. ,
ηû??,ϴ. ,
ε??,η??. ϴ. ,
δ,εӴ. β. ,
޸,ٸ. ,
??,"ϴ, ƾ. ",
,. ,
(),. ,
Ҵ,д. ,
??,ϴ. ,
????????,"ϴ, ձ Ƶϴ. ",
??ƴ,??Ӵ. ƴ. ,
????,????. ϴ. ,
Ĵ,"ʴ, ڴ. ",
û󽺷,̻󽺷. ,
??,ϴ. ,
??,ϴ. ,
????,ϰ ϴ. ,
??,. ,
??,ϴ. ,
,. . ,
, .  . ,
۴,. ,
Ʈ,"  帣,  . ",
ġ,긮. ,
긣,帣. ,
Ʈ٩,  ̲ ϴ.  ü ɷ ġ. ,
ĸ,ĸ. ,
ĸ,  . ,
,󱸴. ,
,. ,
,"  ,  . ",
???,ȴ. ,
ǿ,"ǳ,   ϴ. ",
,. ,
,"д, . ",
۽δ,  δ ,
ۺ״,  .   Ƴ. ,
۸Դ,ܶ Դ. ,
ġ,. ,
???,   .    ϴ. ,
??,Ծ ϴ. ,
??,Ծ. ,
Ʈ ,߿ Ƽ . ,
о,. ,
Ŭ,", Ǯ. ",
Ŭ,", Ǯ. ",
ɿ,¿. ,
ɴ٩,ĳ. ,
???,. ,
???,. ,
??,. ,
,. ,
ġ???,ġݴ. ,
ó޴,ġ޴. ,
óд, д. ,
???,δ볢. ,
???״,״. ,
???,ᰡ. ,
???ڴ,ڴ. ,
???,. ,
???, ڸ.  . ,
???޴,߶Ŵ. ,
???, ,
??٩,. ,
??,ڶ. ,
,"⸣, ٴ. ",
̴,̴. ,
??,. ,
??,Ű. ,
(¤),¤. ,
帮,ٸ. ,
,ϴ. ,
,ڴ. ,
??,??. ⻵ϴ. ,
,. ⲨϿ. ,
ֲٴ,ġ. ¢. ,
˴,. ,
˱٩,״. ,
ƶ??,ϴ. ,
,Ȯ  ˾Ƴ. ,
,״. ,
۴,. ,
,ܳ. ,
,ô. ,
,"??. Ű, , ηŸ. ",
,??. ϴ. ,
,"??. ̾, Ǵ. ",
??٩,ϴ. ,
??٩,ܳϴ. ,
,ݴ. . ,
,. ,
,. ,
ʹ,д. ,
ɳ,. ,
ɳ,. ,
ø,. ,
,. ,
󸮴,", . ",
췯,Ѿ. ,
Ÿ,Ÿ. 󷷰Ÿ. Ÿ. ,
,󸣴.  Ÿ.  ϴ  ƴٴϴ.  డ  ϴ. ,
ޱ,. ,
???,ִϴ. ,
ֳ,";ϴ,  . ",
ش,ɴ. ,
Ѵ,ϴ. ,
,. ,
,Ӵ. ,
???,Ű. ,
???,. ,
???Ǵ,Ǵ. ,
???,. ,
???,. ,
????,ϴ. ,
??ġ,繫ġ. ,
??(???),Դ. ,
˴,Ĵ. ,
,ٵ鸮. ϴ. ,
ɺ??,"ܷ, ̱ Ƽ. ",
ɵ,. ,
ɴ,", , ٵ. ",
ò,ƴ. ,
ñ,Ű. ,
Ӽ??,ϴ. ,
鳻,. ,
Դ,ο. ,
Ӵ,ϴ. ,
ı,. ,
٩,̸ Դ. ,
٩,. ,
??,ϴ. . ,
,", ׸δ. ",
Ѹ,θ. ,
(),ռƮ. . ,
??, . ,
???,", ټ. ",
???, ,
???,μ. ,
???,. ,
???̴,̴. ,
???٩,???. . ,
??٩,. ,
ߴ,Ѹ. ,
Ѹ,Ѹġ. ,
,״. . ,
,. ,
񽽴,. ,
,. ,
񳢴,Ű. ,
,һ縣. ,
ҽδ, Ѵ. ,
Ҹ,θ. ,
ҷ??,ηϴ. ,
Ʈ(),"ٴ, ϴ. ",
??,ϴ. ,
,"ġ, ̴. ",
ο,"պϵθű⳪١պϵθűǽ. ξƳ, ȭ. ",
δ볢,. ,
β,βϴ. ,
ƿִ,ƾִ. ,
״,ݴ. . ,
,"ջɶߴ١ջɹ޴١ջɺ. ߴ, ޴. ",
??,Žϴ. ,
,. ,
, 巯 . ,
, 巯 . ,
,̴. ,
,", ϴ. ",
,. ɰ. ,
,. ,
,. ,
̴, ,
̴, ϴ. ,
,. ,
,ٶ󺸴. ,
跡,չ踮١պ١??. ٶ. ,
߸,ٸ ,
߷٩,"չ߸. ܴ, . ",
߷٩,ٸ ϴ. ,
,"⻵ϴ, ϴ. ",
??,ڴϴ. ,
ھ, . ,
???,ξ ,
???ĳ, ߸ ƴϴ. ,
???,綧 μ. ,
???٩,. ,
???٩,. ,
???٩,. ,
ذ,. ,
и٩,̳   . ,
и٩,д. ,
̴٩,̿ϴ. ,
׸,ױ׸. ,
,̳  . ,
ġ,. ,
,. ,
񸣴,. ,
(),. ,
۴,. ,
,"ô, ޵. ",
,𸣴. ,
Ƶ,𿩵. ,
,̴. ,
,. ,
??, . ,
ḣ,ոᾲ. ׷߸. ,
??,ո??١??. ۽ 㹰. ,
,ո. 㹰. ,
,ո۴١???١???۴. . ,
޿,. ,
޴,Ŵ. ,
޲ٴ,޿. ,
ޱ,ű. ,
ġ,ðܵδ. ,
ܴ,", ӹ. ",
ߴ,ߴ. ,
ӹ,ӹ. ,
,ñ. ,
, ° ϴ. ,
ʴ,ߴ. ȥϴ. ,
,ϴ. ,
Ʈ()٩,ô. ,
ġ,ոƮ. ô. ,
???٩,մ. ,
???,. ,
???״, ӿ ״. ,
???,޸. ,
???ƿ,. ,
???Ƹ޴,޾ Ŵ. ,
???Ƴ,. ,
???ư, ,
???٩,޸. ,
???٩,޸. ,
???,޷. ,
???̴,αٰŸ. ,
???ζߴ,޶ٴ ,
???٩,. ,
??,???. . ,
??󰡴,󰡴. ,
,"̴, ̸ ̴. ",
ʶ󳻴, ʷ. . ,
???٩,()޴. ￡ ޴. ,
???,"ݴ, . ",
??,. ,
??٩,"Ѵ, . ",
д, оִ. ,
??,̴. ,
鸣,. ,
鷯,İ. ,
帣,ô. ,
ձ۸,յձ̴. . ,
ձ۴,߱. . ,
θ,ġ. ,
ǿ,Ͽ. ̴.  ,
Ǿ,. ,
ǽ٩`,״'  . ,
,. ,
ܸ޴,Ŵ. ,
ִ,. ,
ġ,ġ. ,
,  ½  ̰߰ ϴ. ,
̴, ״. ,
??, 帮. ,
??,Ǯ ϴ. ,
, . ,
,絤. ݴ. ,
,յ١??ϴ.մٴϴ. ,
??,Ͽ ϴ. ,
,ġ.   ״. ,
??,. ,
ġ,ϴ. ,
ٲ(), (M)  M.  Źָ  ָ . ,
ٱߴ,θ. ,
???ߴ,ߴ. ,
???״,", ô. ",
?????,. ,
???Ҵ, Ҵ. յ.  . ,
???ٴ,ٴ. ,
???٩,(ޫ). ,
??,". ǰ , ø . ",
??,", * ??. ",
??ڰŸ," ??̴ ڰŸ, . ",
??,. ,
÷,ø. ,
,", . ",
̴, ,
߱,ѱ ,
ڸ, ???  . . ,
׽,Ⱦϴ. ,
Ѿ,", ǳʰ. ",
̵̴, ã ϴ. ,
ñ,. ,
ġ,"(), ϴ. ",
Ҵ,. ,
Ҵ,. ,
θ,ֵθ. ,
,. ,
???,޾Ƴ. ,
,. ,
(),. ,
???,. ,
???ߴ,ߴ. ,
???,(). ,
???ߴ,ߴ. ,
???ش,ɴ(). ,
???," (ب).  ٲٴ, (). ",
???, .    δ. ,
???,̸(). ϴ. ,
???, . ,
???ִ,. ,
??ġ,"ġ, Ű. ",
??,", . ",
????,̳   ̴. ,
??,(ػ) ,
??ٵ,ٵ ,
??,̳   ,
ո,ؾ  ,
,  ,
Һ,  ,
ҵ,"ҵ-ռҵ帮ռҵ帮-. , ,   ",
ҵ,ȿ  ,
Ұ,"Ұ,   ",
,  ,
,  ,
̺,"̺ ڱ, ̺  ",
̺ڸ,̺ҿ  ,
̺ҿ,̺ڸ. ̺ڸ  ,
Ƽ,  ,
,  ,
,ö ѷ   ,
,ʱ  ,
ű,ű  ,
,  ,
,  ,
౫,׸    ,
,  ,
???,  ,
???,ڱ  ,
İ,  ,
ø,÷綱  ,
ٸ,ܼ  ,
ű,ű.   Ͽ  ε ձ۰   ִ   ,
,.   ,
,  ,
Ұ,ұݱ  ,
Ұ,ұ  ,
Ĺ,  ,
ǰٸ,"-. , .  ",
??, Ϻΰ Ծ   ,
ݵ,  ,
кϻ,кϼ. к  ,
ū,  ,
ūƹ,ū  ,
ū???,Ƶ  ,
ū,  ,
ū,ū-ƹ.   ,
ū,  ,
ū޴,紩  ,
ū???,  ,
ū,  ,
Ȧä,긮  ,
ͷ,˱ ƴٴϴ ൿ  .  ,
Ͷ,ʶ. ൿ  Ⱬ  Ī  ,
ͱ,-. ʸ Ȯϴ ϱ  ,
̳,ð߱  ,
ʶ,Ͷ. ൿ  Ⱬ  Ī  ,
ø,ø  ,
óָ,ó  ,
óָ,ó  ,
óĨ,ó  ,
???,س  ,
???,", ٷ  ",
???,س  ,
???,س  ,
??,ڽ  ,
,浿  ,
ϸ,()Ҿƹ   ,
Ҹ,ҸӴ ,
ϸ,Ҿֺ ,
ϸٴ,Ҿƹ ,
ϴ, ,
-쿵,ڳ ִ   ,
-, ӿ    ,
-,ΰ    ,
,  ڸ    ,
輱-, а   簥 Ұ ޽     ,
-,    ,
-,      ,
η-,ձ׽ϰ ū    ,
-ٷ,  ͼ ҴϿ ٿ ̸  ,
-,䱼  ū       ,
Ƴ-Ÿ,ƿֳ  Ÿ  ,
-, Ʒ ִ   ,
,  ,
-,    ,
,  ,
-, Ҵ   ,
峲-,ɳ Ҵ    ,
-,ó ܵ    ,
÷-, ̴   ,
-,ƴ  ̴  ִ   ,
-,赹  غ  ,
,   ,
-,  ̴   ,
㿵-,   Ҵ   ,
-,  Ȱ Ҵ   ,
-, ־   ,
-,  ڰ̰ ִ   ,
-,  ηִ   ,
,"ʼ , ڱ   ηִ   ",
-, ־   ,
 ,鿡       ,
Կʹ,ȣָӴϸ    ,
깰,õ    ,
Ͽ,  ִ   ,
 ,"  , ̰ ִ   ",
,峪  ִ   ,
ѿ,׸ ʵ  ִ   ,
,Ҷ     ,
ո,ū 𷡰  غ  ,
̿,     ,
,տ ִ   ,
ĹӸ,  ȿ ڸ ִٰ ؼ   ,
ȭ," ɻڸ ߰ϰ,     ",
Ϳ찳,踦 ϴ   ,
Ȳ,Ｑడ ϴ  Ȳݺ  ϴ   ,
???,Ｑడ   ۾   ߴ ,
,ε  ,
,Ǯ âϰ    ,
Ժ,ֺ  ־     ,
Ǯ," Ǯ  ,  Ǻ ɾ ȴٴ   ",
絿, ִ   ,
Ե, ȸ ߴ   ,
嵿,   ִ   ,
,ĥ     ,
η,񰡿   ʴ   ,
ݺؾֵ,ݺؾ     ,
λ-,"λ , ʰ Ҵ    ",
-,  ϰ ִ     ,
ʸ-, ̳ ٴڵ ̷ ٴ  ǹϴ ٴ ̴̻.   о ٿ ̸  ,
-,   ,
--,--  ,
ū-ӵ--,ū ĵ  ġ ӵ  ö´.  ,
Ǯ,Ǯ ϰ ڶ   ,
-ٷ,ΰ     ,
ӻ-,"ӻ̴    , ׷    ",
¡-,"¡ ʸ ,   ¡ ڻϿ ҷ ̸  ",
,  ʴ ̶   ,
-,Ⱑ  ٿ ̸  ,
-ӵ--,  εó ū  ɾ ־ ٿ ̸  ,
ä-,      㿡 α ŸǷ  Ÿ  Ҹ  ,
ҹ-, ҹ ¿   ,
ȥ-,"  ,   Ͽ ڳ࿡Գ  ",
,"->-> Ǿ Ҹ,  ؾȰ ߽ ʰ  9  ڵ ־. . . . ",
--,     ġ Ǵ   ,
--,Ű   ɾҴ   ,
-,찡 Ÿ  ڴ   ,
--,ʿ ִ    ,
--,ʿ ִ    ,
--Ÿ,   Ͽ ҷ ̸  ,
Ź-ӵ,   ,
븰-,   Ϲ  ,
-Ȥ,   ̳ ٿ Ī  ,
--,ڽ 翡 Ҹ ξ ϴ   ,
-,ڽ 翡  ξ ϴ   ,
-,    Ͽ     ,
ռ-,"ռ Ǯ ִ ,   ռ Ŀ     ",
Ź-,  ͼ Ҵ   ,
-帣,׻ ߷Ͽ ִ ̶Ͽ ٿ ̸,
-," , ̰ Ҵ   ",
-,̸ ְ ٲ   ,
-,  ġ ߴٴ   ,
--ڸ,Ҹ    Ҹ  Ǯ ڸ Ѵ  ,
-, ġ ౸ó ΰ շ ִ   ,
ǳ-, ǳ   ó ֻ ߴ޵   ,
θӴ-,"δ Ӹ ǹ, κ Ʊ      ̰ ͼ θӴϹ ԰ ϸ . . . . ",
--,غ  ָ    ,
--,   ִ   ,
-, ´   ,
Һ-,ٴǮ  з   ,
-,ٴٿ       ,
-,  ڸӸ ȴ ฦ Ҵٰ Ͽ ٿ ̸  ,
-,ֶ 簡  ƴ   ,
-,  ־ ڸ  ,
-,   Ҹ  ,
-,̸     ,
-,̿  Ա  ,
۳-,     ǰ  Ͽ ٿ ̸  ,
--,  ִ   ,
縷-,þ     ,
-, ġ ִ    ,
-,屺  ֳ      ,
ֱⳭ-, Ա ֱ⸦ Ҵ Ͽ ҷ  ,
-,  Ѵ. õ ǳʴٴϱ ؼ ٿ ̸  ,
-,ڳ Ű    ,
-, ҳ    ְ    ,
´-,д븦 ϳ  ְ ̶ Ͽ ҷ  ,
-ٸ, ô  ܳٸ ־   ,
-, ־    ,
ұ-,ұ ϴٴ  ׸ŭ    ,
-, ִ    Ա  ,
ų-,ȭ  Ϲ  ,
-,㹰 ִ ͽ  ִ   ,
˺س-,ǳ ִ   ,
δ,"ϴ ,    ξ  ִ ",
ƴ-,ڴ븦    ,
-, 帧     ,
-," ·  1m,   2m,   1m   ھִ  ҷ  ",
-, ׸ڰ 帮   ,
-," , ö õչ ġ鼭   ھƳ  ̶Ѵ  ",
-,"  շǴ , ٴ ٸ   ",
-,õ °   ̶ Ͽ ٿ ̸,
 , Թ  ϰ ־ ٿ ̸  ,
µ-, ° ġ ִٰ Ͽ ٿ ̸  ,
-, Ǳ  ׶Ͽ ҷ ̸  ,
--ƴ,  ̶  ҷ ̸  ,
-,븰糪 ִ ̶Ͽ ҷ ̸  ,
-, ǫ  ־ ҷ ̸  ,
ü-, ̿Ͽ ⼺ 繮 Ա ġ   ü ġϿ ҷ ̸  ,
-,   ʿ 츶 ƷýŲ ҷ ̸  ,
-,  ҷ ̸  ,
޺-, ļ 츶  ̴   ,
˼-Ŀ, ʿ ִ ŸϿ ҷ ̸  ,
ӷ-,ӷ簡 Ҵ   ,
-,ֺ ׳ Ҵ   ,
-,ð     ,
ָ-, ̰  ȾҴ ָ ־ ڸ  ,
÷-, տ ִ   ,
ü,"ü  Ÿ, ü Ǿ Ҹ  ",
-, ϱ    ξ   ,
-,ٴ尡      ٿ ̸  ,
-, ΰ ó ִ   ,
׿츮-, ̴ ׿츮     ,
-,ö ɾƼ    ,
-,׾Ƹ    ,
-,   ,
-,   ,
-,  ǰ   ,
-,      ,
-,  .  д ̰   Ÿ,
-,  ͼ ϸ  ä   ,
-,"ȿ  Ī ̴. ȿõϱ ִ Ҷ Ͽ Ҷҷ ,  ̶Ͽ. . . .",
ұ-," 縦 ǹ, ұ    ",
ҳ-,     ,
-,"¤ ¿ 縦  ,  ޹  ",
-Ʋ-, Ʈ   ,
ڳ-,鳪 ƴ   ,
-," ڳ,  ձ׷   ̴. ڳ ߴ   ",
-, 뿩 ٿ ̸  ,
-, ¦ ƹ͵  .   ƹ͵   ִ   ,
-ٷ,",   㿡 Ǯξ   ",
ū-, ȿ ϳ ū ̷   ,
-,     ,
ֱ-, ֱ    ,
-,͸     ,
-,    ,
-,  ٸ    ,
õƿ,(ʳ) ־   ,
,̶  ־ ٿ ̸  ,
̼ҿ,  ִ ̶ ٿ ̸  ,
,  ̸    ,
Ÿ,      󿡼   ,
,  ü ϰ ־   ,
۾ƿ,۾ ü ϰ ־   ,
벿,벿    ־ ٿ ̸  ,
,ŷɽ ̶ 濡   ,
,    ̶ Ͽ   ,
,    ()  ,
,Ǯ ־  ̸   ,
ο,κ  翡   ,
̿,鰡 ʰ  Ͽ   ,
θ,"(),  (θ) ǹ  ",
δ,"ȭ,   δ θε ϳ Ȯġ ",
ٳ,ô Ŭ Ǯ ־   ,
,() ϰ  Ͽ   ,
׳׿,(׳)  ¿   ,
̿,() оִٴ 濡   ,
,Ҹ Ѵٴ   ٴµ   ,
,   ָ ϸŭ 巯 ־   ,
巹, (巹) ִ Ͽ   ,
ū巹,ū (ū巹) ִ Ͽ   ,
, ٴ尡ʿ () ִ Ͽ  ̸  ,
θ,Ӹ ʿ ó  ִ Ͽ ,
ĭ,ҿ ź (ĭ)̶    ,
Ҽ, ȭ  ̶   ,
¿,ܵ(׿) а ־   ,
,  ڴ Ͽ   ,
븮,簡 Ҵ   ,
븮,"븮 縦,    簡   ̸    ",
̿, ̰  Ͽ   ,
,() ϴ()Ͽ   ,
Ӹ,ȩ ùӸ شϿ   ,
ɽÿ, ɼó  Ͽ   ,
ģ, ũ 꼼 ѵ    ĥ    ,
ֿ," ׾ƿø , (Ǻ)ó Ųϴ Ͽ ߴٴ  ǰ   ",
ÿ,ƿ()   ,
,() ̷ õ ó ־   ,
ֿ,() Ҵ Ͽ   ,
,(ʥʥ)    ø    ,
˽ÿ,  Ұ ִ    ,
ɼ,ɼ(ɼ) ̶ Ͽ   ,
̽̿,()ó  Ͽ   ,
ü,Ű(Ǫü)   Ͽ   ,
帮, 鿡 ִ ̶ ϳ  Ȯġ   ,
̿,  ľ Ͽ ٿ ̸  ,
絹,  ̳ ȵ ϱ  ٿ ̸,
ȵ,  ̳ 絹 ϱ  ٿ ̸,
, ٸ  ɾִ 翡   ,
ƺο,  ƺο   ,
, Ѷ ϰ  ٿ ̸  ,
ġ,  ̶ Ͽ ٿ ϳ Ȯġ   ,
Ͽ,   ٿ ̸  ,
ο, ̲Ͽ ٿ ̸  ,
,   ٿ ̸  ,
, ־ Ͽ ٿ ̸  ,
ٶ,츮 ȭ ó ձ۰ δ Ͽ ٿ  ,
,̰ ִ ̶ Ͽ ٿ  ,
ģ,"ũ ĥδ, İ ̴, Ÿ ̴     ",
Ž̿, Ѷ 귯´ Ͽ ٿ ̸  ,
Ź̿,Ź̿  ,
Ӹ,쵵   ̰  Ӹ شϿ   ,
¸,¹(¸) ̶ Ͽ   ,
ʳ,(ʳ) ־   ,
̴޿,ΰ ()) ִ Ͽ   ,
,() Ͽ   ,
׿,츮 ʿ  Ӹ ฦ     ־   ,
޿,츮   ־   ,
ο,()  Ͽ   ,
,ū س() ־   ,
ϴ̺̿,ǳ(ϴ̹ٶ)  δ° ־   ,
̿,ǳ(Ķ)  δ  ־   ,
ٱ,(ٱ) ¸ Ͽ Ͽ   ,
ʸ,() Ͽ   ,
ҰԿ,  ̶ Ͽ   ,
񸥿,ֵ() Ͽ ο  ִ Ͽ   ,
޿,() ܳ ̶ 濡   ,
Ÿ, ̶ 濡   ,
,ū ϱ  θ   ,
ū, () ߴ   Ͽ ū ϰ   ,
ո,ո ̿ ִ  ̶µ  ̸  ,
ո,ո  ,
ǿ,   ó  Ͽ  ̸  ,
,(ڵ)   ̸  ,
ٿ,  巯 츮  ٿ   ̸  ,
׸,  ׸     ̸  ,
ڱ, Ӹ Ͽ  簡 η ִ Ͽ  ̸  ,
,",   ó  Ͽ ٿ ̸  ",
, Ӹ ū Ⱑ  ̶ Ͽ ٿ ̸  ,
,  ִ θ 濡   ,
ٱݹ, ̴  칰()ó ܼ ٿ ̸  ,
ҹ,      ׻ ־ ٿ ̸  ,
â,  ƹ  ٴ 巯 ʴ´ Ͽ ٿ ̸  ,
εϹ,Ҹ ִ ε̶ Ͽ ٿ ̸  ,
ճ,ó ձ׷  ̳ ־ ٿ ̸  ,
ɻ깰,ɼҸ  ̸  ,
̻깰,     ʰ 帥  ٿ ̸  ,
,    αٿ  ִ Ͽ ٿ ̸,
ɰ,ٴ尡 õ  ٴٰ ٶ Ͽ ٿ ̸  ,
꿭빰,  츦 ֱ  ̿Ͽ ٿ ̸  ,
ܻ,"  ´ , Ѷ  Ž 帣 ʴµ  ̸  ",
Ž,Ѷ Ž 帣 ̶ Ͽ ٿ ̸  ,
,ṵ̂ 㸶  Ͽ ٿ ̸ ,
,"˿  ̶ Ͽ ˹, ̶   ",
빰,õ  ̸   ,
ҹ,տ Ұ ־  ̸  ,
̴幰,   ̾ ʹ Ͽ  ̸  ,
, ޴ Ͽ ̶   ,
簡,羾  ̶ Ͽ ٿ ̸  ,
ѳ,   ģ Ͽ  ̸  ,
,Ʒ ִ ̶   ,
,츶  ϰ    ̸  ,
ﹰ, θٰ ﹰ Ǿٴ   ﹰ Ǿٴ  ִ  ,
빰,ġ¹   ׸ŭ ä ־ ִ ̶ Ͽ  ̸  ,
޹, Ӹ ó  Ͽ  ̸  ,
ΰ, ½½ ٴ° δ Ͽ ٿ ̸  ,
,  Ҹ   Ͽ  ̸  ,
ٸ,   㿡  ãư   ķ  ̸  ,
빰,ҵ   Ծ   ̸  ,
,ʿ ִ  ̸  ٿ ̸  ,
ֱ,밡 ֵ  ׵ ̿ ̶ Ͽ ٿ ̸,
, ʱ⿡ Ұ ̶ִ Ͽ  ̸  ,
,  Ӹʿ ִ  Ͽ ٿ ̸  ,
ū, ߽ Ǵ ū  ִ  ־  ̸,
׿츮깰,ó 꿡    ̸  ,
,ó   ־ ٿ ̸  ,
칰, ó 𷡹   ִ Ͽ ٿ ̸,
깰,ó     ִ Ͽ ٿ ̸  ,
հ, տ ڸҴ Ͽ ٿ ̸  ,
,ó ٴ尡 ϴ밡 ׸  ϰ ־ ٿ ̸  ,
ӵ鹰,  ̶ Ͽ ٿ ̸  ,
ȣٿ, ư   ó ִ Ͽ ٿ ̸  ,
󰳹,⸦  ϴ ̶ Ͽ ٿ ̸  ,
е帣, ָ иϿ  ̶ Ͽ ٿ ̸  ,
,ִ ̶ 濡  ̸  ,
ū, ǳϰ ū ̶µ  ̸  ,
־̵̼,پ  𿩵 ٴ尡 ִ Ͽ ٿ ̸  ,
־,پ  𿩵 ٴ尡 ִ Ͽ ٿ ̸  ,
-,𷡰    ,
չ,״  ٴ尡 ִ Ͽ ٿ ̸  ,
-,"  輱,  5 Ÿ Ÿ μ  ٲپ Ÿ   ",
,̶ ʿ ִ ̶ Ͽ ٿ ̸  ,
,ϳ ũ⸸ŭ ۴ Ͽ ٿ ̸  ,
,  ֱ  ð ִ°       Ͽ ٿ ̸  ,
-,"ֹε ٴٿ  ġ  , ٸ        ̴   ",
,  귯Ͽ  ̸  ,
Ī-,  óǾ ҷ ̸  ,
, ֺ Ⱑ  ׿ ־ ٿ ̸  ,
߸,ζ ū    ƴµ  ޾ ž   ,
,  ձ׷ ̶ Ͽ ٿ ̸  ,
Ӵ-, 簡  ȴٴ     ϸ 翬 Ӵ縶  Ͽ ҷ    ,
鷷Ӹ,  ؿ ־ ٿ ̸  ,
, ִ  ʿ ִϿ ٿ ̸  ,
ָ,' ȣ   ϱϿ      ȣ  ϱ  ̰ . . . . ,
ױ⹰,й ̰  ڴ´ Ͽ ٿ ̸  ,
ҹ-,"ҹ  ó ־    , ׷ '''",
-,ġ   ó      ,
⹰, Ͽ ٿ ̸  ,
--, ¿ Ϲ  ,
Ӵ,ٴٿ 踦 ̷ ̶ Ͽ ٿ ̸  ,
-ø-,"   ,   ö  ̴   ",
ù,ٴ尡  ھƳ ̶ Ͽ ٿ ̸  ,
ٵθ-,"ٵθ  ,      ",
̹,  ھƳ ̶ Ͽ ٿ ̸  ,
-,¾   ٿ ̸  ,
Ȳ깰,Ȳ   Ͽ ٿ ̸  ,
̹,Ȳ ó    ־ ٿ ̸  ,
ɸ-,ɸ Ա  ,
,ٴ幰  ı  Ͽ ٿ ̸  ,
,ڲǹϸ   ȴϿ   ,
,õ ƮӸ ִ Ͽ ٿ ̸  ,
-,     ,
ظ,õ 츮  Ͽ ٿ ̸  ,
--,-- ߿    ,
,  ִ () Ͽ ٿ ̸  ,
,   ()   Ͽ ٿ ̸,
--,      ,
Ӱ,踦 ̷ ̶ ϰ  ̸  ,
-,Ƶ Ҵ  ִ   ,
,ƴ ۿ  ڴµ  ̸  ,
-쿵,  ¤̳ 븦 ٷ  ձ׷ ̴.  ̷ Թ  ,
, ϴ       ̸  ,
̹,ٴ尡 ó õ() ó  ־ ٿ ̸  ,
ϳ-,ϳ  ִ   ,
Һ,Ϲ а    ־ ٿ ̸  ,
õ,  ־ ٿ ̸  ,
-,   /  Ī  ,
ڸ, θó  Ͽ ٿ ̸  ,
-,  ǰ    ,
,  Ͽ ٿ ̸  ,
-,     ,
ް,ٴ尡 ֺ  ̸   ̸  ,
,   ٿ ̸  ,
-,     ְ  Ƴ   ,
,߸    Ͽ ٿ ̸  ,
-,  ׿ ִ   ,
,Ҹ ̸  ̸  ,
-,"  ,  ´   ",
빰,̶  ó  Ͽ ٿ ̸  ,
,𷡹翡   Ͽ ٿ ̸  ,
- ,    ,
̹,    ִ Ͽ ٿ ̸  ,
깰,ٴ尡 ƴ    ̸  ,
ǵη繰,ÿ(ǵ帣)  ´ Ͽ  ̸  ,
-, ó    ,
Ѱ,Ұ ־   ŭ ū  ó ִ Ͽ ٿ ̸  ,
-,Ƿ    ,
Ⳳ--,⳪ Ա ִ   ,
-, ִ  Ա  ,
鷷-,  ū  ִ   ,
Ȳ䰳Ա,Ȳ䰡 ִ   ִ Ͽ ٿ ̸  ,
-,    ִ   ,
Ȳ䰳,Ȳ䰡 ִ   ִ Ͽ ٿ ̸  ,
-Ӵ, ̸  ε   ,
,ó ū () ִ Ͽ ٿ ̸  ,
-,   ִ   ,
칰, ̳ Ͽ ٿ ̸  ,
İ,¾  ,
-, ϴ밡 ׾Ƹó ǫ   ,
, ֺ  ־ ٿ ̸  ,
ſ,ŷ  ̶ Ͽ ٿ ̸  ,
-,   ׾ƿø ʼ ־ٴ    ִ   ,
,ó () Ű  ִ Ͽ ٿ ̸,
Ź,    ô ̶ Ͽ ٿ ̸  ,
øӸ,  ÷Ҵ /Ű ִµ  Ͽ Ӹ κҸٰ øӸ Ǿ  ,
,״ ӿ ִµ Ͽ ٿ ̸  ,
깰-,  ѷ  ,
,ٹ   Ҵ Ͽ  ̸  ,
-, ̰    ,
,ϴ ٴ尡 õϼ ھƳ  ʰ ־ ٿ ̸  ,
ڸ-,ڸ  𿩵   ,
Ҹ,  ι츦 Ƹ   ϴ Ͽ ٿ ̸  ,
Ӹ-, ̿ ׾Ƴ ü Ӹ κ  ,
ū, ʿ ڸ  ̶ Ͽ ٿ ̸  ,
𵵸-,"𵵸  μ   ,   𵵸 忡   ",
巿, ϴ뿡  ־  ̸  ,
ū깰, ǳ  Ͽ ٿ ̸  ,
-,  Ⱑ     ,
, ڴ Ҹ ѱ Ҹ  ٿ ̸  ,
-,ó  ٿ ̸  ,
,ƴ  귯 ٿ ̸  ,
--,    ó  ٿ ̸  ,
칰,𷡰  ־ ٿ ̸  ,
--,ū    ó ־ ٿ ̸  ,
þ˹,ð   ó ־ ٿ ̸  ,
-,   ʿ ִϿ ٿ Ī  ,
, Ϲ뿡  ̶ Ͽ ٿ ̸  ,
, ļ ̿Ǿ Ͽ ٿ ̸  ,
-,     ̾   ,
, Ʒ  ־ ٿ ̸  ,
,״ ؿ  Ͽ ٿ ̸  ,
繰,ƴ ھƳ Ͽ ٿ ̸  ,
-,"   ,      ",
Թ,̼  ٴ尡 ִ Ͽ ٿ ̸  ,
鹰,й    ѷϰ ġ   ,
̹,ִ ̶   ,
-,"   ,  ߽ɿ    鹰 ̴ ",
,Ǫ ʰ  ٴ´ Ͽ ٿ ̸  ,
ù, °    ٿ ̸  ,
-, ϰ ̰ 縦 ̷   ,
̹,޸   𿩵 Ͽ ٿ ̸  ,
ü-,± ׵θó 䵥   ,
ȫ,׹ó  ִ Ͽ ٿ ̸  ,
ٸ,տ   Ͽ ٿ ̸  ,
θ,   칬ϰ  (ȭ)  ,
,   ,
,   ٴٿ ִ ༶   츮(),
ֱ-θ,Ƹ θ  ,
-,    Ѵ.  ,
ֱ,Ʊ⹫  ,
-,  ʿ ִ   ,
,ĵ  Ѹ°  ̿  ,
ʺ-,ձ   ,
--, ̶ ٴǮ  ڶ   ,
,  µ ְ Ǵ      ,
,Ǭ  ׺ ũ  ׷  ,
-, ̰ ִ   ִ   ,
,ְ  ,
-,ܹ ٴ     ,
Կ,ȣָӴ  ,
¦-,ϴ   ׷    ,
￩,õ  ,
-, ձ׷ ο ִٴ   ׷  ϰ ִ    ,
-,"   , Ǵ ʷ پ ִ  .  ",
,"뵢,   ",
--, 泪ٿ  ٸ ̴. 买 ʿ  帣µ 濩  帥 Ͽ. . . . ,
ҹ̴,Ǯ  ,
-,"  ջ , ԰  ϴ   ",
,   ſ ܴ     ,
Ģ, ϴ   ,
,(٢) (٤)    ,
õ, ű ()  ,
泻,ҳ  ų Ծ  ǳܳ   ,
÷,ָ. ̶   ,
-,买  ٴ幰 ٽ    ,
ι,ź Ӹ Ҵٰ ٿ ̸  ,
Ϳ-,ػ ٴ幰   ϼ  ,
ֱ,Ʊ ԰   а  ϴ Ͽ Ʊ  Ǿ Ҹ  ,
-帰-,ڵ ϰ 踦 Ŵ   ,
-,  谡    ,
,  ľ   ,
-,"̴ ⸦ , ̰    ",
,"ӿ ɹ žӹ ҿ   ġ Ǹ ˾Ƴ,   ɴ žӹο ˷ ִ   ",
ӽδ-,ּ ħϿ ݷ ο Ͽ ӽδ϶ Ѵ. װ  ־ ٿ ̸  ,
հ,       Ī  ,
-,   Ʒ  غ ̶  ,
ڴ,   ٰó  ̶ ̴.  ,
ʸ, ٴڵ а ó   ,
Źû,Į  ȿ ڼ ȳ     ϴ ֵ ɹ ϳ.  ,
ﵿ,ú밳    ,
ú밳,ú  ䷹̸   ΰ 밳  ׾Ƹ̴.  ,
,󳪹 ,
-,"״ ձϰ  ׸, ó  '  ",
-,Ҹ      ,
Ʋ, ,
ޱ⳶,ͺ ,
Ϳ,ͺ ,
ޱָ,͸ӷ ,
󵿳-ü,"󵿳 ģ,   Ҵ   ",
û,о ,
ͷ, ,
,̲ٸ ,
ǳ,Ÿ ,
ġ,  ̿ Ȩ   ٴ ̷     ,
ɳ,Ÿ ,
Ÿ,Ÿ ,
-,     ,
̵, ,
̵, ,
̵ٸ, ,
帰-,帮 ߸. Ҿ  ݹ     ,
㳶,㳪 ,
ÿ,° ̽  ϴ   ,
㳶,㳪 ,
,  󿩿 ž  ƴٴ°    ,
-,     Ǿִ Ϲ ִ   ,
,ΰžӿ ġ ǳ ϳ  ,
-,Ǵ ĥ   ϸ ׷   ,
,󳪹 ,
, ,
, ,
糲,ȥ() ϴ   ,
-ü,"ü  ָ  , Ǵ  ̳     ",
,ȭ簡 ߻ϸ  ȯ ֱ Ͽ   Ī,
, ,
ġ,ڳ ,
Ϻġ,ڳ ,
˺ҳ,ҳ ,
Ƿռ,   ,
ҳ,ҳ ,
-,縦  ϴ ô    ,
, ,
Ǯ,̹ ,
-,Ե     ,
ұǮ,̹ ,
̿,̹ ,
ҹ,̹ ,
Ϳ,̹ ,
-潬,̷ ϴ    ȯڰ ߻  ġ   ,
Ǯ, ,
, ,
氨,        ,
γ,βγ ,
,Ǹä ,
,Ϸ ̿  ϴ   ,
-,- ҳ     Ҵ   ,
, ,
ֳ, ,
-,      ,
,ɹ Կ    ´´  ,
賶,߳ ,
,Ͼ˸    ,
-,   ,
Ҹ,帶  ڿ       û.  7   ϳ  ,
, ,
-,⸧   ,
ʼ, ,
ʻ, ,
ĥ,ĥ  ǳ並  ִ   ,
-,ź̰ٴ Ͽ ϴ ̶Ͽ ٿ ̸,
, ,
д, ,
ֳ-,ū ִ    ,
г, ,
θ,ȯ ȯڸ ġϴ   ,
Ǯ,ҹ ,
Ÿ-ʳ,ΰγ  ִ  ,
,",س,  ػ ϵ Ͽ ȣϴ     ",
, ,
ä潬,     ڴٰ Ǵ      ƺ  ׸̸ ϴ. . . . ,
ɾ, ,
, ,
Ż,ܿ ,
Ż,ܿ ,
-, 翡 ġ Ŵ  ,
Ź糶,糪 ,
Ż, ,
Ż, ,
,縮 кϿѰ踦 ų ϴ   ,
ʳ,Ÿҿ̳ ,
,"  ϴ     ϰ , 볪 ()ó Ŵ   ",
ڸ, ,
,ֵ ӿ  Ʊ⸦ ð ִ   ,
ﳶ, ,
,     ɹ û  ŵ鿡 ħ ŵ Ͼ ϰ ǰ Ųٴ ̸  ,
鰳, ,
η,޲ ,
ǽ,  ݰ  ǹ  ,
Ƴ,޲ ,
ü, ,
,ڸ ,
ڸ,ڸ ,
ڸ,ڸ ,
, ,
,ٴ尡 ִ   ,
-, ϴ  ô   ,
, ,
Ҹ,׸    ,
, ,
ֻ,ֻ ,
,ƺ  ,
һ,ֻ ,
̿,¸ ,
???׶,ڸ  ,
Ϳ,¾ ,
ȫ,ȫα  ,
,ҾǮ ,
Ǯ,ҾǮ ,
۰,  ,
̸,ӷ ,
̸ָ,ӷ ,
ȣ,̰    ,
,ٷ ,
԰, ,
, ļ ġ      ,
ó,ó ,
,  ,
Ż,õ ,
Ż,õ ,
ֹ,  ,
Ǫ,ʸ ,
ı,쳪 ,
, Ÿ ձ۰ ϰ ļ   ٰ,
緹,泪 ,
,  ,
󰡽ó,ͳ ,
,븰糪 ,
,   ,
, ,
ֱ,",ä    ⸧ ̾Ƴ Ʋ  ",
,Ⱑ ,
,⳪ ,
ΐ,    ,
ڳ,޳ ,
մ,ݴ  ,
Ǫ,񳪹 ,
,  ,
Գ,Ϲ質 ,
𼼳,쳪 ,
յ,׹  ,
ڳ,鳪 ,
, ձ۰ ϰ ļ  ̿   ,
ڳ, ,
ٱ⳶, ,
, ,
,  ,
˺ϳ,ǳ ,
ͳ,ͳ ,
巷,¤ ε帮   ,
帩ͳ,ͳ ,
,    ,
,׳ ,
ݵξ,Ĺڳ ,
,ڳ ,
,൹̶ ϸ  ƺ  ۾ 簥̸ ġ Ͽ  ſ   . . . . ,
ǳ,蹰Ǫ ,
巧,¤  ð  븦  ѱ  ֵ  ǰ  ,
ճ,ճ ,
쳶,쳪 ,
,  ܴ ִ   ,
ǳ,ֱ ,
,   ,
ʸ,ħ  ,
Ҹó,ó ,
ȭ,ǳ  ,
ϰó,ϰó ,
賶,㳪 ,
â-,â ո  ,
,ӽ÷ عٴڿ ġ   ,
ū,  ſ ġ  ,
ĳ,ڰ  ִ ؾȰ ,
ٴٹ,ٵյ  ,
,  ִ  ,
-,õ عٴ   ,
???濡,  ,
,ҳ  ϴ  忡 ܵ  ,
Ӽ,縦    ô  ,
ȭ,ȭ  ,
-,    ,
浹,Ĭ  ̸ ٸ 濡 ַ ϴ   ,
--,ϰ  ִ  ,
Ĭ,ܴ * ַ ֵ ϴ   ,
,̸ ÷ δ   ,
,έw  ,
, ֱ⵵ ϳ ַ  Ƶδ   ,
-,   (迩)ִ  ,
,    Ĺ ֿǾ ģ   .  ,
ڵ,翡  ų Źָ      ,
,߿ ư    Ǿ ִ .  ,
ϰ,Ѳ  ׾Ƹ ÷ .  ,
Ÿȣ,ħ   ׸   ,
ڻ,⸧  ü Ű     ,
䰭, Ҽ   Ͽ ε ֿ.  ,
,"ֻ   ֿߴ  , , Ź    ",
Ȳ,ū ׾Ƹ  ,
-,ⷯⰡ  ־  ,
-,  а   ,
-,迡  ٰ   ,
밳,׾Ƹ  ⺻ Ǵ   ,
-,밡 Ƽ Ұ  ΰ ö  ִ  ,
, ó   ,
ڿ, ʿ ִ  ,
,̳ ̿ ̰ µ ̸ ̸ ڶ Ī   ,
, ްó  ,
ó, ó ־  ,
ɻ,    ,
-, ,
巿,8° ãư  ,
-,칰 ̶  ,
,ؽŲ    ,
-,͸   ,
-, ġ ̿ Ƽ ٿ ̸ ,
-,ϼ ϴ Ͽ ٿ ̸ ,
Ǹ-, Ǹ Ҿ Ͽ ٿ ̸ ,
깰-쿵,ֳ ־ Ͽ ٿ ̸ ,
-,   ٿ ̸ ,
-, ִ   ,
-,ʿ £  ִ   ,
-,  ٴϴ  ,
,̳ Źָ ϴ   ,
-帣-,鱹ȭ ߴ   ,
ٸ,ڵ  ٴϴ .   ,
() ,    ,
(),    Ű  θ Ī ƴ  ,
Ե, ܴϰ Ų   ,
-Ʈ(),-Ʈ.  Ű ,
-Ÿ,ưŸ ,
Ǵ,Ǵ ,
ġ,ġ ,
-, ,
-??,߸ ,
-״,Ⱑ  ,
⿩-,  ,
-̴,׽̴ ,
-,⸷ ,
-??(),԰?? ,
-(),  ,
-ʴ(), ,
-??ġ,ϴ ,
,.  ,
-??(),ݼ?? ,
ݼ-??,ձ-'??.'  θ. ϴ ,
,     ִ ,
۱-,ٴ ,
ڴ,ȴ(). () ,
ٴ,  ,
,ٸ ,
Ǵ,Ǵ ,
ġ,ձġ.  ,
׽-̴,ձ-̴. ׽ ,
׽(),. ׽ ,
׸,  ׸ ϴ ,
׸ġ,Ʋ ,
״-̴,״ڰŸ ,
״-Ÿ,ձ״-̴. Ÿ. ̴ ,
״÷,״ ,
3,.  ̱ ,
2,() ,
1,޲ٴ ,
-׿,ϰ ˷ִ ,
;Ǯ-??(), ϴ ,
-,͸Դ ,
ʹ,.  ǰ ϴ ,
-,ۻ ,
÷-??,÷ ,
÷-(),ձ÷-'??.' øϴ ,
ñ۴(),.   鸮 ,
-??(), ſ ⵵ ϴ ,
-ø,ռ-ִ. ϵ() ,
,.  ,
-,޲ٴ ,
-Ÿ,ưŸ ,
(),̴. ȣȣ Ҵ ,
-̴, ̰ ڼ ,
ٷھ-,ھ١  ,
2, ʰ ϴ ,
()1,. (ͳ) ,
(), ,
︮,ϴ  ,
-??(),. ϴ ,
-??(),ϴ. 踶 δ ,
-??(), ϴ ,
-(),ϰ . Ӱ  ,
-Ÿ,ٹŸ ,
,ھ ,
ھ-,ձ-١ղٷھ-. 'Ųٷ' '١'  ϴ  ,
-, ̴ ,
̴,̴ ,
ҿ,١  ,
2,̴.  ,
1,ҿ. ̴ ,
2,;ϴ. ϴ ,
1,Ҵ.  ,
-??(),ϴ ,
-??(),ϴ ,
-,¼ ,
,  ϴ (߿) ,
,. ߴ ,
2,չ ÷  ƴϴ ,
1, ,
¦-??(),???¦-??.   ̴ ,
, ,
-׸,ղ-  Ǫ ,
(), ,
񸣴2, ,
񸣴1, ,
-,ձ-.  ϴ.  Ѵ ,
ִ,ȴ. 谡  δ ,
δ,  ,
(),ߴ ,
,ġ ,
-ټ,ƴ  ,
-??(),¾  ,
¼-,հ-. Ű ,
-??(),ϰ ;ϴ ,
-??(),?? ,
-,. ָ ,
-ġ,١  ְ ϴ  ,
(),հ񸣴.  ,
-??(),?? ,
麸,ܷ.  ,
-??(),(˻)ϴ ,
-??(),հ-??١հ-??. ()ϴ ,
, ߰ ɰ. Ÿ ,
2, (ݢ) ,
1, ,
,վ . ̴ () ,
2,д() ,
1,() ,
Ʋ,Ʈϴ ,
-Ÿ,װŸ. Ÿ ,
Կ-??(),ϴ ,
Կ,  ,
Խ-Դ,ԸԴ ,
Ժ-??(),(). (ʪ)ϴ ,
-Դ2,Ǿ  ,
-Դ1,հԽ-Դ. ϴ. ӰϷ   ,
԰-??(),ձ-`??.` Ÿ ,
-Ÿ,ŵ԰Ÿ ,
-, ĳ ,
̴(),  ,
ߴ,Ž ־  ,
¦-Ÿ,аŸ ,
ɾ-,ִ. õǴ ,
-,ϴ. ̿ () ϴ ,
ɸ-??(),   ݾ  Ϳ ִ ,
ɸ,  ,
ɸ-??(),Ÿִ ,
Ÿ(),Ÿ ,
ɷ3,Ͽ  ,
ɷ2,Ȱ ϴ ,
ɷ-޴, ƸŴ ,
ɷ-,Ųٷ ,
ɱ-,  ,
ǳ-??(),ǳġ ,
-??(),ϴ ġ ϴ ,
-Ҹ, ̴ ,
-и,ǹд ,
-д(),հ-и.  ǵ д.  д ,
ǵǵ-??(),ٶ   Ҵ ,
ǵǵ-??(),ٶ ̵ ϴ ,
ǵ-,ǵδ ,
ǵδ,հǵ-. ξ ġ ,
Ǵ,ձǴ١ձǴ. Ÿ. .  ˵ ĥ . ϴ ,
, . ǵ帮 ,
-,̰   ʰ Ǵ ,
ǳ,ǳʴ ,
Ž-̴,Ž̴ ,
ŽǴ(),Ž ,
ŽǰŽ-??(),Ÿ ,
Žø3,  ,
Žø2,Ž2 ,
Žø1,Ž1 ,
Ž-̴,հŽ-̴.  ϴ. 糳 ϴ ,
Ž(),հŽǴ. Ⱦϴ. ǵ帮. ,
ŽŽ-??(), Ҿ µ  ,
Ž2,հŽø. 縦  Ͽ  ù  ̸ ϴ ,
Ž1,հŽø.  ϴ () ,
Ÿ,ں ϴ.  ,
Ÿ2,().  ,
Ÿ1,  . ϴ ,
ŵδ,  ,
ŵŵ-??(),ŵŵ?? ,
ŵ-,Ÿ ,
ŵŵ-??(),հŵŵ-`??.` ŵ巰Ÿ ,
ŵӴ(),ŵδ ,
ŵ-, ŵξ  ϴ ,
ŴڰŴ-??(),ŵŵ-??. Ÿ ,
Ŵ-,̸  ,
Ŵջ-?? (),  ϴ ,
Ŵ,̸ ´.   ϴ ,
Ŵ(), Ű ,
-, غ ϴ ,
ų-??(),Ǵ ,
ų,տ.  ,
,簨. 谨  ,
-??(),ϴ ,
-??(),ϴ ,
-(),ɵ ,
Ǹ-??(),ϴ ,
(), ,
-2,յ-.  Ͽ ں ,
-1,.  ,
-??(),?? ,
-θ,װŸ ,
-Ʈ(),ߴ ,
Ҹ,Ҵ ,
-Դ,̸ Դ. ̱ ,
-Ÿ,ڰŸ ,
-Ÿ,ձ-Ÿ. Ÿ ,
()(), ,
()(), ,
ġ,δ. ϴ () ,
Ҵ(),. ̳ ä     ,
(), . ٹ ,
ġ,ƶ߷ .   ٺ   ,
,   ,
δ,   .  . ̳   帣ٰ ġ ,
-??(),?? ,
-??(),հ-'??'հ-'??.' ϴ ,
-??(),հ-`??.` ܳϴ ,
???,߹() ,
ϰ-,Ͽ ,
ǰ, ,
, ,
,տǰ. ϰ ,
,տ.  ,
, ,
,ƹ ,
, ,
, ,
, ,
,վ.  ,
,() ,
, ,
???,ټ ,
,̳2 ,
-縧,̳1 ,
-, ,
-, ,
-, ,
̳2,. . . ״ ,
̳1,-縧. ڳ(κλ̿  ε ԰浵 Ƴ   ȣĪ ,
-,̰ ,
-, ,
-, ,
-,չ-.  ,
̳,ʳ ,
, ,
,ʳ ,
,մ.  ,
, ,
ʳ,ʳ ,
ʳ,ճʳ-סմ̳.  ,
-,ű. ״ ,
-, ,
,ձ-. װ ,
???, ,
???ź,ź() ,
?????,ѻ() ,
???,(. ) ,
???,() ,
??, ,
??, ,
,`??``??``???.`  ,
극, (ڭ) ,
-,̳ ؿ  ٸ  ,
-,   ,
-,޸ ,
ͼ,Ͽ ¢  ,
긲, ൿ ۾  ,
, ,
Ʊ,߰ſ  ,
,Ƽ() ,
ĸ,û ū Ҹ ,
-,ķ() ,
ȸ, ,
ȳ-,Ȳ  ,
Ȱ,() ,
ȭ,ȯ(ϭ) ,
ñ۸,  鸮 ,
(),ݴϴ ,
ȭ, ǿ Ͽ   ,
Ȧ,(Լ) Ȧε ,
ȣ,ū Ҹ ¢  ,
ȣ??,ȣ ,
, ,
ġ,(Ҵ) ,
ġ,̶(Ҵ) ,
???ġ,(Ҵ) ,
̸ġ,(Ҵ) ,
ġ,(Ҵ) ,
ġ,(Ҵ) ,
ġ,(?)   ϴ  ,
ġ1,ä() ,
ȫ,  ,
Ȫ,Ȭ(Ӥ) ,
Ȩ-,Ȩ-. Ȩ ,
ȥ,ȥ() ,
ȣ-,Ȩ ,
ȣ,`ȣ??.` ȣ. ġ ,
ġ,(Ҵ) ,
???ġ,߶(Ҵ) ,
ġ,Ҷ(Ҵ) ,
ġ,(Ҵ) ,
ġ,䳢(Ҵ) ,
ġ,Ҷ(Ҵ) ,
ġ2, ظ ()ν ϴ .  ,
̿ġ,̿ ĳ  ϴ  ,
-, ٸ  ,
-ġ, ,
-,   ,
-,ǽ  ̴  ,
-,-Ҹ.  ,
,Ƿ  ,
-,  ,
-, ,
,ƺ ,
-,ҿ  ,
㲤,粤 ,
-,â . Ѱ ,
,ѵ() ,
-,ϳ() ,
,Ͽܿ ,
ϼ,Ͻ().  ,
ϸ,() ,
ϴ-,ϴ ,
ϱ-,ϰ ,
ϱ-,ϰ ,
ϰ-,ϱ-.    ,
ϰ-,ϱ-.    ,
Ź,ΰ ,
ǻ,() ,
̿ǳ,̿  ִ  ,
Ǭü,ü ,
Ǫü,ü ,
Ǫ,Ǫ. ʿ Ǯ ̴  ,
ǥ, ,
, ,
,. Ӱ ,
-,Ǫ ŵǴ  ,
,() ,
,(. ) ,
,  ,
渮,() ,
,(. ) ,
,ǥ. ǥ. Ư¡.  (). . 嵥ڸ,
, ,
,. .    () ,
,??. () ,
???, . ƹ͵    ,
???,??? ,
???-,  ,
???-, . ƹ͵ Ȱ  ,
???,Ѱ(ͣ). . (    ) ,
Ʈ, ,
-ƴ,  λ() ,
-??, ,
׵, ,
???,  ,
,  ,
н,   ϴ  ,
Ŭ-, ,
ū-ü,ū ,
ū-,ū-ü.  ô ,
, ,
,. ǰ() ,
,   ,
,   ,
,   ,
ڸ-Ҹ,Ҹ ,
ĭ-,ܳ ,
???-, ,
???-,Ϸ  .  ѻ ,
???-,ڱϴ  ,
??,. (ģô ). . 꼰 ,
Ī,Ī ,
Ī,Ī.  ,
Ģ,Ģ() ,
ġ,ġ ,
⹰,綧 ϴ Ĺ ,
,() ,
-,ðµ ,
ʸ2,ǥ(׵) ,
ʷ,ʸ. غ ,
-,ù  ,
ü,ó ,
õ,õڹ() ,
ó, ,
â, â ,
â, ٴ ,
,() ,
-,åħ ,
,¦ ,
???, ѾƸ   ,
???-,  ִ  ,
???ٴ,`???`-Ҹ. ܼҸ ,
??,?? ,
??,翱 ,
??, ,
??, ,
??,.  ,
??,. ̿   з   ,
??, ,
¡, ,
 ,  ,
Ż,Ʈ ,
,. â ,
,(Ѩ) ,
-,  ,
, ,
-,۰ ,
???,«. « ,
, ,
, ,
,ġ. .  ,
ħ,ħ ,
¡, ,
,() ,
-, ,
,.  ,
-, ¥  ,
,Ű() ,
-,-.  ,
, ,
,. ⷯ. ⷰ ,
-,㱸 ,
, ,
, ,
,߿ Ƽ ű  ,
,߸ ,
߸,ռ. () ,
߰-ġ,߰ ,
 ,  ,
,( . . ܵ ϴ°) ,
,() ,
Ģ,Ģ(Ю) ,
õ, ڵ   ().   ֵ ǥ  ° ,
 , ϴ ,
 Ѵ, ϴ ,
, 򺸴    ,
,(Ю) ,
ֽ, ,
ֽ, ,
Һּ,κ ,
ָ-,콺 ,
ָ,콺 ,
ַ,ָ() ,
ֳ-,ֳ ,
,۹  ǥϱ Ͽ 翡   ,
,ְ ָ   ϴ° ,
,߿  .   ,
,. ( ,
???-, ִ  ,
,( .) ,
ɴڻ,ɴٰ ,
ɴٰ,2 ,
ɲ,() ,
2,ɴٰɴڻ. 硯  .  ,
1,`???.` .    ° ,
,() ,
,() ,
, ,
,() ,
,() ,
, ,
,() ,
, ż Ǵ  ,
, ,
,縦  . £ ö ,
??,ò ,
,??. () ,
,`??.`  ,
,簣() ,
, θ  ,
2, l (l] ,
1,(). ().  ,
,() ,
ġ,ġ() ,
ü, ,
,() ,
,() ,
-???, ,
-,2 ,
,() ,
,(ި) ,
,1 ,
,() ,
-, ,
-,-.  . ȵ  ,
,û. Ӱ ,
2,-. 幮 ,
1,. () 湮() ,
, ,
,() ,
,. () ,
-ü,ģ  ,
,(). () ,
ü, ,
ָ,    ,
, ,
,. () ,
,  ,
,() ,
-, ϴ°( ) ,
-, ,
, ,
,() ,
-,-.  ⸧  Ѷ   ,
, ,
, ,
-???,`??`-.  ,
翱,С`??.` 峭 ,
??, ,
,??. () ,
弮,δ  ߵ Ҹ ,
-,() ,
峻,??? ,
峲-, ,
,尡 ,
,().     ,
ۺ,ڰ   ,
ĸ,峭 ,
ڿ,() ,
ںη,ޱ ,
??,??ô ,
??ô,??.  () ,
??-,  ͅt,
װ-,װ ,
װ,װ ,
??, ,
-,. ǳ ,
-, ,
,(ή) ,
-,  ,
-Ȩ,Ǵٱ ,
-,Ը ,
-ٽ,Գ븲 ,
԰Ծ,̲ ,
, ,
??,Ӽ ,
Ӽ,??. ӻ() ,
,() ,
Ȩ,ϸ ,
-,ϻ ,
,() ,
-,Ͻ ,
-,-. ϴ  ,
-,ϴ ؾ ,
ϸ,Ȩ. ̸ ,
ν,λ() ,
μ,λ() ,
λ縮,ܷο  Ǵ  ,
κ,뵿 ,
-, ,
,() ,
,縮 ٷ Ǵϴ  ,
, ,
̽,ǽ(t) ,
̹,ǹ() ,
̹,ǹ() ,
̸,Ƹ ,
̳, ,
̳-, ,
̰,ǰ(̸) ,
̲,԰Ծ. (). ̳(  . 奵 ) ,
,() ,
-, ̿  Ǵ  ,
,. () ,
,̳. ǳ() ,
, ,
,() ,
, ,
-,¦ ,
,տ. θ. θ ,
ð,Ÿ.  ,
콺,ָָ-.  ,
켼,ձü. ġ.  ,
,. . ܷ() ,
,  ,
밳, ,
,'??'-. .  ,
ܿ,() 渮 ,
-,ܰ ,
õ,ū ,
շ,() ,
մ-???,׸(ة) ,
,.  ,
-,  Ѱ ,
÷-ģ,ȥʽ Ѱ ,
-,ܹĳ ,
, ٴ.  ,
Ǳ,ֵ ο ̸. Ǳ⡯   ,
׷,ζ ,
-, ,
-泫, ,
-,տ-泫տ-.  峭 ,
,.  ,
,.  ,
-, ,
-, ,
-, ,
, ,
,()  ,
, θ () ,
,(թ) ,
,() ,
-Ÿ, ,
,տŸ. (Ҵˣ). () ,
,() ,
, ,
, ,
-,տ-. Ϻ  ,
-,տ-. Ϻ  ,
-,տ-. Ϻ ,
,(ͯ)  ,
,տ. () ,
,() ,
, ,
й,() ,
,ܴ ,
, ,
âū-Ҹ,θ. û Ҹ ,
,÷ ,
, ޷  ,
, ,
,ٻ ,
,Ʈ. ܸ. ƴ. «. ǰ ,
ٻ,վ.  ,
???, ,
-,ż ,
-, ,
,`???.` .  ,
-, ,
, ,
, ,
,籤 ,
-,վ糡.  ,
籤,վ. ȣ ,
,Ϳ. ͼ ,
,վվ.  ,
ߺ, ൿ.   ,
߸,ϸŸ(). Ϻ yami   ,
߱⿰,վ߱⿰-. ̿ ŽϿ ٴϴ  ,
߱,ȣ  Ͽ ϴ° ,
ֻ,ּ() ,
,ְ  ¢° ,
-,¦ ,
ġ, ,
ǻ, ޶ è ,
Ǹ,Ǹ(ت) ,
,ӱ. ذ. ӿ  ⹰   볪  ,
ƿ, ŵ Ѱ ,
ƿ, ޶ θ¢ ,
Ƹ-,̸-. ̸ ,
ƴ,Ƹ ,
???-ټ, ߰ μ  ,
???Ĭ-,ֺ ,
???-, ,
??,ò.  ,
????,() ,
??,(ӹ). 繫ĥ  ,
??,(). (  ) ,
??, ,
ž,վž-.  ,
ʱ,(Ѩ) ,
-Ǿ,Ƕ߱ ,
,() ,
¡, ,
-, ȿ ,
??,η뾾 ,
Ÿ,(?) ,
Ű,(ί). ų(Ҵ)   ,
-, ,
, ,
ÿ,ʿ() ,
û-??,󸸻(߾ؿ) ,
û, ,
ù,   ,
õ巷-,ȶ  ,
õο,ô޸  ,
ò-,   ,
ò,'??.'  ,
°-,ս̰-. ° ,
, ,
-??, ?? ,
, ,
,() ,
,().  ¡ ,
,1 ,
,. ̻  ,
, ,
,ս. (ͪ) ,
2, ,
1,ռ. .  ,
-߹ٸ,߹ٸ ,
-, ,
-,ô ,
,   . ݹħ ,
??,(?) ,
,ֹ() ,
,λ ȯ ,
,̸ Ͽ óԲ ⵵ 帮°. 趼.  ,
-,ǰ ,
-??,ս-'??.' Ķ. Ķ ,
-,峭 ,
,??? ,
,߸ޡ. ߸(). Ű ,
, ,
,  ϴ° ,
,(ۮ) ,
,(Ѩ).  ,
,.  ,
-,âġ ,
-â,ռ-.    ,
, ,
-Ҹ,ֵ ȭ () ̸ ,
, ߾ ƴ Ѹ縸 (ϰ) ,
-, ,
, ڿ    ,
ü,(ʤ) ,
-, ,
,. () ,
,() ,
2,Ǳ ,
1,() ,
, ,
ü,Ե. ۹濡 ġ  ,
-, ,
,() ,
,() ,
,ռռ. ô. 䳻 ,
-,츲 ,
,( ,
,()  ,
ȸ,ȸ() ,
Ƹ,    ,
-, ׸  ,
,() ׻ ,
-,⳿ ,
-,⳪ ɰ  ,
2,() ,
1,". , ̿( ̴.) ",
, ,
,츲 ,
, ,
,.    ,
-Ҹ,ҹ ,
-,ü ,
-ü,ջ-. ڸ. ڸ ,
õ-, .   ,
õ, () ,
-,`???`-.  ,
-, ,
, ,
罽-,??? ,
縧-ģ,.  ,
縧-,θֹ ,
縦-,   ,
-,ĸ ,
, ,
, ,
,ջԡջ. 츲 ,
ݹġ,籸ġ ,
׷-,ϱ   ,
ġ,籸ġ ,
籸ġ,ջġջݹġ. ġ. ¡  ,
粤,㲤. ä ,
???,ռ. .  ,
??÷, ,
??-ħ, ħ ,
,.  ,
,(ܨ) ,
ü,ä(ݶ) ,
,ο(ݷ) ,
,()   ,
-,հ ,
-,ջ-. .  ,
,(ݵ). ΰ(ݵͱ) ,
, ,
, ,
-, ǿ Ͽ  ׾   ,
-ġ,Ҳ ,
-ü,Ҳ ,
-û,Ҳ ,
-,ұ ,
-,ұ ,
-װ,װ ,
-װ,պ-װϡװϡװ-. ҵ ,
-,ҿ ,
-,Ҹ ,
ҹ-,Ҹ ,
ҹ,Ҹ ,
Ҹ-,պҹ-.  ,
Ҹ,պҹ. Ǯ ,
-,պ-. Ҷ ,
-,Ҳ ,
-,պ-ûպ-üպ-ġ. () ,
-ڸ,  ڸ ,
ü-,ä ,
, ڼտ  ִ  ,
н,м ,
ϴ-ڸ,¤  ڸ ,
ü-,Ǫü-ԡǬü-. ó ,
ü,ǪüǬü. ó() ,
-,̺.  ܷ . () ,
2,.   ,
1,(. ) ,
μ,(ت) ,
μ-,μ() ,
η뾾,`??.` ɺθ ,
η,()  ,
η,η ,
η,պη. . ũ ,
ζ-,Ӽ ,
γ,ڶ  ,
β,ǰ. ǳ ,
õ,õ(). ) ,
㹰,ν ,
ƺ,ɺ ,
-,ȭ() ,
-,ξ   ȭο ǿ  ,
, ,
, ,
, ,
-,ɻ ,
-,պ-. . . ǰ ,
, ,
ġ, ,
-¯,  Ҽ ִ  ,
, ,
-ָ,ָӴ(ҥ) ,
,  ,
,() ,
, ,
???-,ջ罽-. ܵ ,
, ,
, ,
-, ,
Ȱ,Ȱ ,
-Ҹ,Ҹ ,
,պ. (ܬ٣). ȣ(ܬ) ,
, 趧  ,
,(ܬͱ) ,
-, ,
,(ܪ٥) ,
,() ,
,պ ??. .   ,
???, ,
, ,
,պǡպ???. (ί ,
-丷,    ,
-???, ,
,() ,
,() Ģ ,
,  ,
°,  ,
,() ,
,θ.  ,
, ϴ  () ,
-ü,踦 Ͽ    ,
-Ӹ, ?? ,
-, ?? ,
-??,չ չӸ.     ,
, ,
,(). ( .) ,
潬,ǽ ѱϿ İ   ۿ   Ѱ. ͽſ ŹϿ ҿ ̷. . . . ,
, ,
,չ. 峭 ,
浹-,׶ ,
,(). ģ ̸ ؿ ٿ  . ڸ ų  ,
-,߾ ,
-,ٱ ,
-,. ¦ ,
-,() ,
,Ʈ. () ,
,(). (). ÿ ,
,Ÿ.  ,
,տ׵. . (?) ,
ٸĥ, ⸦   ,
ٸ-,ٴٿ .     ,
ٵ, ޾ ϴ  ,
ٵ,ٵ ,
ٵ,չٵ. ڸ.  ,
ٳ-,ٴ ,
???-,ڹ ĳ  ,
???Ż-,???Ż- ,
???Ż-,???Ż-. Ÿ 峭  ,
???η, ???η ,
???η, ,
???,(. . . ) ,
???-,ں ,
???, ,
??,??. ŵ ,
??-, ,
??,?? ,
??,'??.'  ,
??,() ,
??,??.   ,
ְ,ΰ.  ,
м,а(ͱ).  ,
и,ö. ̹() () ° ,
,ٰ   . ٰ   ,
־,ġ ,
õ,ٴٿ  깰 ,
-,س  ۾ ,
,繰   ƴ  ,
-, ,
,Ű(ڪͺ) ,
-, ,
,().  ,
,. () ,
,պ.  ,
, ,
׷,. Ѱ ,
-, ̴  ,
-,Ϻη   ġ ϴ  ,
, ,
-, ,
-,ū() ,
, ,
, ,
,綧  𷡿 () ,
-ű, ,
ι̼,()  ,
-Ƹ,'    ,
-ٸ,ٸ ,
, ,
-, ,
, ,
, ,
-ָ,ָӴ ,
,(). ??>??> ,
, ,
,ʽ ,
-,ġ   (?) ,
,() ,
-ó,ó ,
,() ,
,(). () ,
,() ,
-縮,.  ,
޿츴-,߰   Ѱ  ,
ڳ,(?)  ,
-,Ի ,
-,Խ ,
Խ-,ո-ϡū- ȥ  ,
, ,
,Ĺ ߿  ִ ܵ ,
ӷ,Ӹ() ,
Ź,ű ,
ű,ոŹ. .  ,
-,µ ,
-??,ŵ ,
-, ,
,.  ,
-???, ,
-,ո-???.   ,
-, ,
-,ͽſ ⵵ϴ  ,
-,̷  ,
,???η ???η ?? ??÷ վġ տ췹. . ν. η η  ,
,Ǯ  ,
,(ظ) ,
-,ȥ   ,
-,?? ,
-??,ո-.   ,
-, ,
-,ո-.  .  ,
,. .  ,
-ٸ,̸  ٶ   ,
-,ո-.  ,
???, ,
??, ,
??-, ,
??,ٸ ,
,. () ,
-, ,
,ƴ  Ͽ ̿ ִ  ,
-, ۰ ư .   ,
,() ,
峻-,̰  ,
,Ƽ ,
-ü,ó. ,
-,ó ,
-,ް ,
-,   Ĵ  ,
Ƽ,γ ,
θ-,  ,
γ,յƼ. β ,
-,˵ ,
??,() ,
Ƹ,.  ൿ ϱ Ͽ ̷  ,
-,Ѿ ,
, ,
-???,  ,
-ĥ, ,
-ȯ,Ƴ ,
ü,.  ,
-,() ,
ӻ,  帮 () ,
-, ,
, ,
Ž,ƹŸ ,
, ,
,(Ϣ) ,
ħ,ħ ,
,() ,
-, ,
-, ,
-,ն-ն-.  ,
-,ѿ  ° ,
,. (ϧ) ,
,.  ,
-, ,
,뼭() ,
,ȹ ,
,() ,
-,   ,
,  ,
,.  ,
2,   ,
1,???   ,
Ƽ,̳ ()  Ϳ ȭ ־  ͽ 뿩 ޾ ̳  װų Ǵ    ϴ°,
,۱ ,
-,   ,
-,??- 峲-. ӽ  ,
-ħ, ,
-,  ϴ  ,
-, ,
,ն- . ϶ ,
,.  ƴ ,
䵵,⵵ ,
-, ѱ ,
ܼ-,ܼ(ӭ). ܸ ʳ(ӭ٤Ҵ)  ,
???,峻. . ġ ,
???-,ռ-.  ,
???-,ռ-.  ,
???,().  ,
??,()  ,
ϲ,̳.  ,
-, ,
-,׸ ,
,. ڼ    ,
-, 񸰳 ,
, ,
-, ,
-,().  ,
-, () ,
-, ,
ߺ,ٴϴٰ 濡 ״°() ,
-,븰 ,
,  ,
,(۰) ,
߹ٸ,ռ-߹ٸ. . ð ,
-,ݳ ,
-,ճ-. .  ,
嵵, 츲 ھ μ  ,
-, ,
׿,(Ү) ,
׿,(Ү) ,
׿,(ҭ) ,
,()  ,
-, ,
˽,  ƴϿ    ȴٴ  ,
, ,
-,մ-մ-. ױ.   ,
ʺα,ʺ ,
ʺ,ճʺα. ʺ ,
ʷ, ,
-, ,
,() ,
, ,
, ,
, ,
,ճճ.  ,
-ü, ,
-ĥ, ° ,
-,ܵ ,
ü, ,
-, ,
,ճü.  ,
,    ,
-,ư ۰  . ұ ,
-,.  ,
,á＼. . ġ ,
, ,
-,ռļ. .  ,
-,  ,
, ,
???,氡 ,
ٴ???,ٴ尡 ,
???, ,
???, ,
???,簡(ܫ). 輶 ū Ű  ,
???,??? ,
???,ƴ() ,
???,???. () ,
???,Ѱ(ͣ) ,
???, ,
???,.  ,
??, ,
??,׹ ,
??,()  ,
??, ,
??,?? ,
??,??. 簡(). 谡() ,
, ,
, ,
,.  ,
, ϰ ִ  ˼ ִ  ,
⺧,⺰ ,
Ⱝ,  ,
-,߰ ,
-,߰ ,
-,߰ ,
-,ձ-̡ղ̡ղ-. ƮӸ ,
,ղ.  ,
ġ, ,
-, ,
,ݼ ,
ݼ,ձ.   ,
, ,
,ղ. ٷ ,
ô, ,
ر-,() ,
,ձ-ձĢ. ô ,
׽-,-ԡռֳ. . Ÿ ,
׽-,׽Ż ,
׽-,ձ׽-. () ,
׽-,׽ ,
׽-,Ÿ(幰) ,
׽,ձ׽-. . Ÿ ,
ű׹,ڱ ,
߱׹,߱. ڱ ,
۱׹, ȹ ,
׹,??. . ڱ  ,
׸, ,
׸, ,
׸, ,
׸,׷. . 嵥ڸ ,
ײ-, ,
Ӹ,  ,
ͼ,Ӱ ,
Ͳ, ,
,(ί) ,
̳-, ,
-,ձ̳-.  ,
, ,
,() ,
,øϴ   ϴ° ,
,  ϴ  ,
û,̻  ,
÷,ø() ,
ñ,.  ° ,
-,ص. ٱ ,
, ۰   ,
â,â  ,
, ,
,ű ,
ű,ձ.   ¥ θ  ,
,ձ׸ޡձ׸ޡձ׸ ׸ ,
,׸  () ,
ħ, ϴ  ,
ü,տ켼. . ġ ,
-, ,
,(ί) ,
,ͽ ,
, ϴ  ,
,()  ,
, Ȱϴ° ,
-,⿡ ¥ ⸧ ,
-, ,
,ո ???.   ,
-ȥ??,ٱϿ   ȥϴ  ,
,ܲ ,
, ,
, ,
,().  ,
,(Ҵ) þҴ (ί) ,
,ձͲ. ͽ.  ,
캹,غ() ,
-, ,
-,   ,
-Ҹ,긻 ,
-, ,
渮,ó. 嵥 ,
???ű,й ,
, ҹ ,
,   ,
㲲,() ,
,  Ҹ ,
-???,  ,
ѵ, ,
,   Ͽ ۺ ʸ ϴ  ,
Ͽܿ,. ǰ ,
ϸ-,α() ,
ϴ-Ȳ,Ȳ ִ . õ ,
ϱ-縧,ϰ縧 ,
ϱ-,ϰ ,
ϰ-縧,ϱ-縧.  ,
ϰ-,ϱ-.    ,
ʿ,(). () ,
ġ-, ǥ() ,
Ǹ-Ҹ,ȸϴ  ,
Ǭü-,ü ,
Ǫü-,ü ,
Ǫ, ,
Ǫ,碡 . ǰ(geopum). ޺ ,
-,.  ,
, ,
, ,
,. () ,
,Ǫ. Ǫ ,
,(Ҵ) ,
, ,
-ο,ο ,
,(ܪ) ,
, ,
,. ǥ(. ) ,
,() ,
??, ,
???,Ÿ ,
???,???   ,
???-, 츲 ,
???-,  ,
ƴ-ٱ,ƴ. ȸ ,
-ü,ó.   һ ,
-,  ü   ,
, ,
???,ڹ ĳ  ,
,  ,
,綧(ϧ). 趼(). 鶼() ,
-簡,() ,
,°(?ʤ). (?) ,
Ÿ, ڴ ϴ  ,
Ŭ-,ٻ. Ʋ ,
ū-,ū(ݫ) ,
-,ǰ ,
,ǰ ,
,ڱ ,
,   ,
,   . (ˢ) ,
, Ź   ϰ   ,
,. ȸ ,
???-, ,
???,() ,
???-???, ,
  ??,   ,
??,  ,
Ī-,Ī̵ ,
Ī-,Ī-. 浹 ,
Ī,() ,
ġ, ,
ġ-,ġ ,
⹰-,綧  ϴ  ,
??,() ,
-,() ,
-Ҹ,Ҹ ,
ʸ1,ʷ ,
-,ù ,
ü, ,
õ,ü() ,
ô,  ,
â,  ,
â,  ,
â, Ǵ κ. ٴ ,
,밨.  Ī ,
-۷,¦¦ ,
???, ,
???-Ҹ,???ٴ ,
???, 㸮 κ ,
???-,ܰ ,
??, ,
??,??. () ,
??溥,溯(ۨܫ) ,
??-, ,
??,ڷ(. ) ,
??-???,??? ,
??-???, ä   ,
2,   Ǯ ,
1, ,
-, Ű ,
-,  ,
-Ŀ, ,
-,-Ŀ. . .  ,
,¡() ,
＼, ,
, Ÿʴ  ,
ü,óġ() ,
,÷ ,
-,׽Ǹ ,
÷,. Ѿ. ġ ,
, ,
-, ,
,⸧ ,
-,  ,
??,() ,
, ø () ,
-,Ǫ. Ǫ ,
ٴ,() ,
, ,
ٿ,(ۻ)ɴٿ ,
ʻ,ʻ ,
, () ,
, ,
,հ. () ,
-,???-. ǳ蹯  ,
-, ,
-,հ-. ٲ ,
-,   ,
,հ.  ,
-,⸧ ,
,ձѡ???. (ͯ) ,
ﵥ, ,
, ,
ħ-,ħ ,
-,Ͽ    ,
,() ,
-Ҹ,ǷʵǴ . Ż  ϴ Ҹ ,
, ,
ҿ,պ-. ҽð ,
,??. . . ȸ(Ѧ) ,
, ,
,հ. () ,
,հձձձձñ.  ,
,繰 . . ٹ  ,
Ʋ-,Ʋ ,
Ʋ-,հƲ-. Ʈ ,
Կ, ,
Խ, ,
Բ,Ų ,
,. ڻ(ߧ) ,
, ,
-,̰ ,
-,  ,
ɱ, .  ,
,Ÿ ,
,() ,
-ǳ,. ǳġ  ,
-Ʈ,  Ʈ ,
,Ǵ ,
-,"- (ǡ) ű达(ή). 𡯴 ȿ˱̸(٣). ,  ( ) ",
Ǵ,ǳġ  ,
, ,
õ, غϴ° ,
-,¥?ڪ  ,
,հסհ. .  ,
-ڶ,Ҹ ,
ſ, θ ̰(ڱ۰)    (ڪ)μ     ,
Ž-,  ǵ帮° ,
Ÿ, ,
Ÿ,հ.  κ ο ,
ŷ,ŷ() ,
ŵ,ŵ ,
ŵ-, δ  ,
Ŵ-ջ, dfl ̷  ϴ  ,
ų,.  ,
Ų,հԲ. ǰ ,
, ,
, ,
,  ,
, ,
, ,
,ģ () ,
,   ,
,()  ,
, ,
, ,
-,  𸣰  ,
,() ,
, .  ,
ġ,ġ(ʤ) ,
Ǯ,Ʊ ,
-,--. ⽺. ⽾ ,
, ,
,縮 ,
-, ,
,հհ.  ,
,ڷ(). 谡 ,
???, ,
???, ,
, ,
,??????. () ,
???-,ö. 鵿 ,
???-,?? ,
???-,§. ٴ幰 ,
??,'???'-. . '??????'>'???'>'???'>'??.' '??????'>'???'>'???' ,
-, ,
-,.  ,
,û() ,
,Ǫ  ȭ꼮(ߣ) ,
,۸ ,
۸,. ڰ ,
ö,() ,
,ٿ ,
,ٿ ,
??ȸ,ȸ() ,
, ,
,() ,
,ս. Ⱑ  ȭ ȸ  ,
,ȭȸ(ߣ)   ,
-,ӵ ,
-,ռ-. (ݩ) ,
-, ,
, ھ ִ  ,
-,ռ-. () ,
õ,ǰ  .  ,
,.  ,
,() ,
ٿ,վվ.  ,
??, ھִ Ӹ  ,
-,. û. Ȳ Ī ,
, ,
-,赹 ,
,ո.  ,
-,˵ ,
,Ŀ ִ ܵ ,
ӵ,ӵ ,
-,ոӵ. .  ,
-,ո-. ٴٶǴ  ִ ̲  ,
-??,  ,
-ر,ܵ ,
-,Ѵٱ. θ ,
-,. ٴ尡  ,
-,Ǫ ݼ ,
-,ո-. Ǫ ,
-, ,
ٷ,عٶ ,
-,  δ  ,
ط-, ,
Թ-Ż, Ѱ(ū) ,
ϸ-,ҹ̲ ,
???-, ,
, ,
, ,
ʿ,챸 ,
Ż, ,
???,??? ,
???,'???.'  .  ,
-Ż, Ѱ.   ,
-,ƶ ,
???-, ,
ġ,ġ ,
˱ȭ,̰ ,
õ,ϴÿ ִٴ ż Դ () ,
ĩ-,츰- ,
ߴ-ַ,???ַ ,
âȭ,׵ȭ. Ȳȭ() ,
,̶ ,
-,`???`-.   ,
,() ,
-,޷ ,
-,ε-. ε() ,
,() ,
, ,
,̶ ,
츰-,ĩ-. ħ() ,
ܿ,޵ ,
-, ɸ ,
ܰ-,. ȸ ,
, ,
,տ ,
,޵ ,
??,޵ ,
,޵ ,
,ǰ û ,
O-,궾 ,
-,վ- ͺ ,
޵,տտ'??'տܿ. ޵ ,
-,??? ,
???-,   ,
??-,̿ ,
÷,÷ι  ,
-,??? ,
-,Ǯ ,
,տ . ˸ ,
, ,
, Ѱ () ,
깰, Ѱ() ,
-ַ,???ַ ,
Ϲȭ,ȭ ,
,ɺ ,
,  ,
,۰ ,
۰,պ.  ,
-Ż,Ż ,
-Ż,ƼŻ ,
,(ܺй).    ,
,û̷  ,
-, ,
ȫ,ճ ,
-,ռ. ȭ ,
???-, ,
???-,??? ,
???ο-,??? ,
???-,???- ???ο- վ ս-. ĳ. ̲  ,
-Ż, Ѱ.  Ÿ ְ ٱ⿡ ð  ,
̿,̻ ,
̻,չ̿. ǰ ,
-??,ȭ. ȭ ,
ָ,ַ ,
ַ,ոָ. ӷ ,
-,???-. ֱ() ,
,??? ,
,??? ,
???-,ո  . ǵ ,
??,ٷ. ȭ  ,
帩-ȭ,걹 ,
-??,   ,
-,  ,
,  ,
ü-, ,
-, Ѱ().  ,
, ,
-,äȭ ,
???-ַ,ջ-ַߴ-ַ. ӷ   ,
??-,˵    ,
-,ʹ ,
, ,
-??,  ,
-,ɺ ,
-, ,
-Ż,  ,
, ,
,հ.  ,
-ַ,͸ӷ ,
-,. t,
,Ǯ ,
Ǯ,հסս-.  ,
-,챸 ,
-,챸 ,
-챸,հ-հ-ʿ. ڳ  ,
-,  ,
Ƽ-Ż,պ-Żպ-Ż. Ű ʰ ʹ  Ѱ. ٱⰡ   ð  ,
,ձ ͳ  ,
-,òɡ˱ȭ. ˱ȭ(Э). ò ,
-Ʋ, Ѱ ,
ǪŸ,???Ű ,
-,̸ ,
-, ,
-,-. ᳪ ,
-, ,
???-??,?? ,
??,??? ,
,() ,
, ,
, ,
,.  ,
,.   Ͽ    ,
췹,Ѵ ,
,(?) ,
???Ű,Ű ,
ñ,ñġ ,
, ,
Ű,'???Ű'ǪŸ. Ǫ ,
-,-.  ,
η,ġ ,
-,鵵 ,
ġ,??2 ,
̿-,޿ ,
̳ױ,೻ ,
೻,չ̳ױ. ̳ ,
-, ,
޿-,չ̿-. ʹ̿ ,
,ո-. ()  ,
ȣ, ȣ ,
,  ,
-,ä  Ȯ ,
, ,
-, ص ,
-, ,
,ո.   Ī ,
ӱ-??, Ѱ ,
,θ(ߣ) ,
-,޷ ,
,ٸ. ɸ ,
, ,
-ġ, Ѱ ,
???,?? ???-??. .   ,
??-, ,
?????,?? ,
??-,. ä ,
??-, ̿ ,
??-,  ,
??-,.  ٸ ,
??2,պġ.  ,
??1,?????. . ä  ,
-,ֳ ,
-,-ϡմϡռ.  ,
ġ,(Դ ) ,
ġ, ,
-??, ,
-ֽ, () ,
,() ,
帰-???, ,
帰-,?? ,
Ȳ-, ̸ ,
,ü ,
???-, ٱ ,
???,?????? ,
ǳ-, ,
Ǫ-,û ,
-???, ,
-,¥ ,
-ֽ,ּ ,
-ּ,-ֽ. Ტ ,
-,ᰢű ,
-,ᰢű ,
-,ᰢű ,
-ﹰ,-. Ჿ ,
-ű,-ס-.  ,
???-???,'???.'  ,
???-,ٵ ,
???-,??? ,
???-,???-.  ,
??-,帰-.  ,
ü,  ,
ü,  ,
ü,޹ . ޹  ,
ü,  ,
ü, ,
-,¥ ,
???-,۵ ,
-,̻   ǰ ̸ ,
,() ,
-,???-.   ,
-???, ,
,  ,
,纭  ,
,  ,
,޹  ,
,  ,
, ,
-ǳ,شü ,
-ڰ, ̻ ,
-Ĭű,  ̻.   ,
-,  ,
-???,Ѱ  ִ ޹ ,
-ü,հ. Ѱ ,
̼,翡   ,
, ,
ֱⶥ, ̸ ,
-, Ѱ (밡 ª ) ,
???,Ư Ͽ   ,
???-,Ҿ ,
???-,Ҽ ,
???,??? ,
???-츮,??? ,
???-, ,
??-,?? ,
??,'??.' ζ ,
-,Ѱ  ִ  ,
-,ͱ Դ  ,
,.  ,
,  ,
-,() ,
-,Ѻ ,
-,???-???-츮. Һ() ,
췡-, ,
,纭(ߣԫ) ,
-, ,
-,񳶴 ,
-,պ-.  ,
ص-,شü ,
ش-ü,պص-̡ǳ.  ,
,ü.  ,
, ,
-,ϵ(?) ,
-ü, ,
-, ,
-,  ,
-,պ-. ¤ ,
,(أ) ,
ٷ-,()   ,
-,ü ,
, ̸ ,
-,  ,
-, ̸ ,
???, ,
-ü,޹б ,
-,޹  ,
-̲,޹  ,
-,޹в   ,
-,޹  ,
,ո???.   ,
ӵ巹-,  Ѱ ,
???, ǰ Ѱ ,
???-, ,
κ-, Ѱ ,
-,'???'-.  ,
, ,
ϸ, ǰ ̸ () ,
-,ڻ ,
-,ڻ() ,
-,. ڻ( ,
ġ, ǰ ̸ ,
-,.  ,
, Ѱ ,
췡,   ,
, ,
, ,
, ,
,  Ī ,
츮, ,
,մ츮. ͸ ,
-,ȭ() ,
???,纭 ̸ ,
-ϸ, ǰ Ѱ ,
̲, ,
, ,
,޹  .  ,
,޹  ,
-???, ,
-,ջ췡-.  Ѱ ,
, ,
븰-, ձ۰   ǰ Ѱ ,
,.  ,
е,  ƴѰ ,
-ü, ,
-??ö,÷ ,
, ,
??ö,?? ,
??,'??ö.' ÷. ġ ,
-, ǰ ϳ ,
-???,???.   ,
-, ,
, ,
ڽø, ǰ Ѱ ,
-, () ɴ  ,
ڰ, ̻ ,
ϰ, ̻ ,
,̻ ,
, ,
-???,  ,
-, ǰ Ѱ.   ˰  ,
,ղ.    ,
-ϸ, Ǵ  ǰ ̸() ,
-, ,
-, ,
, ,
, ,
,հհ.  ,
ű,. ̻ ,
, ,
θ,θ ,
ȸ,ȸ() ,
Ȳĥ-,˾ ̳ ,
Ȳ-, ,
Ȳ,Ȳ ,
Ȳ,Ȳ. Ȳǳ ,
ȭ,ȸ() ,
,() ,
-縮,縮 ,
-縮,縮 ,
-縮,縮 ,
,ȭ ,
ռ,̳ ,
Թ-Ǫ,ʸ Ѱ ,
Թ-,Ǯ̸. Ϻ subogusa ,
Ż-,  Ѱ ,
ϴ-Ǯ,Ǯ̸.   ϰ ö   λȭ()  ,
ϴ-Ǭö,ϴǪ ,
ϴ-Ǫ,ϴ-Ǭö. ʸ ,
ϴ-ֱ,ϴŸ ,
???-Ǫ,Ǫ ,
???-, ,
???-,質 ,
??,ķ ,
ǳ-,ö ,
-,ĳ ,
Ǹ,Ǹ. ֱ ,
ǳ-,    ,
Ǭü-,ó() ,
Ǭö,Ǫ ,
Ǫʼ,Ǯ() ,
Ǫ, ,
Ǫ,Ǭö. ʸ ,
-,س ,
ä,ä ,
,ޱ ,
, ,
ޱ,.  ,
, ,
Ȱ-,׼ ,
Ʋ-,  ,
???, ܵ ,
׿, ܵ ,
,ܵڿ ,
, ,
׿-ǳ,ܵ ,
׿,ܵڿ ,
,.  ٿ  ܵ ,
???,??? ,
???,'???.' .   ,
ţ-,󰡽ó  ,
󰡽-,߰ó ,
,Ǯ() ,
-, ,
-,?? ,
,Ǯ ,
???-,ǳ ,
???-ȯ,ٶ ,
???-, ,
???-ҿ, ,
??-,ó ,
ĥ,ε() ,
Ȳĥ,˾̳ ,
ռ,̳ ,
ĥ,ϳ ,
̳,˾̳ ,
ĥ-,ĥ ,
ġ-,ġڳ ,
ġ-, ,
-, ,
߽, ,
,Ҳ ,
???, ,
, ,
ʼ-,ڸ µ   ,
ʶ,Ǯ̸(Sporobolusindicus] ,
ʱ,ǥ ,
-,ùɸ ,
û-,Ǯ ̸. Ϻtobosigara ,
û-, ,
ó,õ ,
â-Ǯ, ,
â-, ,
â,(â. ) ,
???-,  ,
???-,º ,
-Ǯ,Ǯ ,
-,  Ǯ ̸ ,
,  Ǯ ̸. Ϻ yabumao ,
, ,
-, ⳪() ,
-縮, ,
, ,
, ̸. ڹ ϳ  ߰  ª ū  ణ ޸ ,
, ,
-, ,
,-̡. . ɰ   ,
ָ-Ǯ,Ӵ ,
ָ-,Ǯ ̸. Ϻ himegobanso ,
ַ,Ź鳪 ,
-,'???'-. ǳ ,
-, ,
-, ,
-,׳ ,
-ũ, ׷ ,
-, ,
-,???-.   ,
, ,
-,-. ¤ ,
-,ȭ쳪 ,
-,հ-. 簡. () ,
ȯ,ȭ ,
,() ,
-, ,
-, Ѱ ,
-???,  ̸ ,
-???,ȭ  ̸ ,
-,븰糪. ۳ ,
-, ,
, ,
, ,
,ݳ(ٸ ) ,
ȯ,ȭ ,
ȭ,ȯ. ٶ  ,
Ӹ-, ,
-縮,Ƹ ,
Ÿ-,ճ. ȫ ,
???-,ް. ޱ⾾ ,
ܵڿ,׿. ܵ ,
ڿ, ô ִ  ,
ڿ,ڷ ,
ڷ,. Ǯ̸.  ð  ħ   ,
ڱ,Ǯ ,
ڱ-,ڱͳ() ,
-, ,
,.  ,
Ϻ-ġ,ĭ ,
-, ,
ε-, ,
-,ε-. ε- ,
,븮 ,
븮,. 븮 ,
-,ڳ ,
-, ,
-,-١-١. () ,
,????? ,
,쳶 ,
,칵縮 ,
ܿ-,޵γ ,
-һ, ,
ĥ-,ĥ-. ̳ ,
â,͹㳪 ,
-ȯ, ,
-,տ-ȯ.Ǯ ,
,̻ 簡 ,
,?? ,
-, ,
-,ﾾ ,
-, ,
-,տ-. . ܸ ,
,ع ,
,() ,
??-,޵γ ,
-,޵γ ,
-,Ȳĥ ,
緹-,泪 ,
ֿ, ,
, ,
, ,
-,ǰ ,
,վվ.  ,
޵-,տ- տ- տ??- տܿ-. ޵  ,
ڸ-,Ǯ̸(Ligu-laria Tagueti Nakai) ,
, ,
???Ĭ,Ĭ ,
Ÿ-,īþ.  īþ ϰ     ð   Ǵ    ̸ ,
-, ,
-,ĳ ,
-,ս-. ĳ ,
ȣ,Ǯ ,
ø-, Ī ,
÷-,θ ,
÷,÷ι(յ) ,
α,    (δ).  ձ۰    Ķ   ǰ Ŵ ߾  ˰. . . . ,
-,㳪 ,
-Ը,() ,
,İ ,
-Ǯ,-Ǯ. Ǹ ,
-,ĳ  ,
, ,
-,γ ,
-,ռ-.   ,
,߽.  ,
-2,-.   Ѱ () ,
-1, ,
θ-Ǯ, ,
θ,θ ,
-, Ѱ ,
-, ,
-,ֳ ,
,ҿ ,
轺-,ȭ ,
,-.  ,
,ܱ ,
ۿ,???ζ ,
۳,???ζ ,
Ĭ,'???Ĭ.'  ,
-,ֶ ,
-,ռ-. ֹ ,
-,ҳ ,
ż, ,
,Ǯس ,
,ռ.  ,
, ,
ҿ,ҿ ,
ҿ,ռҿ̡ռ.  ,
ҿ,???ζ ,
ҽ-,ȭ ,
һ-,һ ,
-, ,
ҳ-ʱ,() ,
-,ռ-. ҳ ,
ҳ-,ǳ() ,
-, ,
-,??? ,
İ,װ 谳 ,
ܱ,ս. Ǯ ,
-,ұͳ(ӳ) ,
-, ,
, ,
, ,
, Ѹ   ,
-???,Ĺ ̸(?) ,
-,-縮. ǰ縮 ,
-,ϼ ,
-, ,
,() ,
-,ڳ ,
-,ջ-. ֻ ٶ  () ,
, ,
-,⳪ ,
2,'??.' () ,
Ž,ܿ ,
ﵿ, Ѱ   ,
츶,ͼ ,
, ,
,ȲۡȲ-. () ,
꺣-,κ ,
ٸ,(ͽ) ,
-, ,
,ջ-.  ,
-,θ ,
-,ջ-. ޳ ,
??,  ,
??,  ,
??,鳪  ,
 ,Ƹ ,
ū ,ڵ ,
??,տ. Ĺ Ѱ. ڵ. Ƹ ,
-,ƿǮ ,
,ս.. ǸǮ ,
-,θ ,
??-,ڳ ,
Ը-, ,
Ը,Ҹ ,
,Ҹ ,
Ҹ,ջԸպ. Ѹ ,
ĥ-,ϳ.    ,
η,׼(). ̻Ǳ  .   ,
αٵ,¤    ,
-, ,
-, ,
-,ջ-. ڵ ,
-,Ǯس ,
-,Ǯ ,
-??, ,
۰-,  ,
-,ٱ۳ ,
-,Գ ,
,õ ,
ä2,ü.  ,
ä1, ,
-Ż,ԿŻ ,
-,Ǯ ̸.  󺹿()  鳯 ְ  ѻȭ()Ȳ̸   ,
-縮,-縮-縮-縮. ߰縮. ,
??,  ,
, ,
-,質 ,
-,պ-.  ,
, ,
, ,
,չչ.  ,
-, ,
-,鳪 ,
ġ, ,
,չġ.  ,
ݵξ,Ĺڳ ,
-,ġ ,
ڴ-,ɳ ,
???-Ǯ, ,
???,??? ,
???-Ǭü,ä ,
???-Ǫ,Ű  ʸ Ѱ. Ϻ himesennali ,
???-,ȭ ,
???-,ǳ ,
???߸-,(ة) ,
???-, ,
???-,ֻ ,
???-,ܳ ö ,
???-İ,İ ,
?????-,տ. 蹫. 콽() ,
???,() ,
???,???. ڹ  ,
???-,() ,
???-,˹ ,
???, ,
-Ǫ,???-Ǫ. Ǯ̸(Phygalisrepens) ,
о,ᾧ ,
,.    ,
϶-,Ķ ,
-ä, ,
Ķ-,չ϶-. ̸(Haina Fantiei) ,
-, û ,
-ä, ,
-,簳.  ,
-,չ-äâ-Ǯ. â ,
-??,ȭ ,
, ,
,չձ¡չ.  ,
-,  ,
,Ǯ ,
,Ǯ ,
-,Ǯ ,
-, ,
-,պ-. . û̷ ,
-,г ,
ᾧ,չо. ûó ,
, ,
,ո. ȭ ,
߹,?? ,
޽-,ȭ ,
-,޲() ,
-, ̸.      ٿ  ,
-, Ѱ.   ,
-,???-. ֱ  ,
, ,
???-,. ,
???-, ,
??-,ٷ ,
-,.  ,
-ͳ,޻ͳ ,
-,帨 ,
,ջ. () ,
ηֱ,ϴŸ ,
η,Ȳ. ձ۷() ,
˲, ,
??,ֱ߸ ,
ġ-, ,
-,յġ-. ŵǮ ,
-,鳪 ,
į-, ,
-,   ٴ ̳ ,
-,κ ,
-, ,
-,Ǯ.  Ϻ totai   ,
,ն˲. 񷹳  ,
, ,
,յ. ٰŸ ,
ɱ,ġ ,
ġ,ü ,
ü,յġյɱ. ٱ ص ,
-,̸.   ϰ 鳯 ־ ()ϰ      ϻ  ǰ. . . . ,
,.  Ѱ ,
,???- ջ.   ,
-, ,
-,Ǯ3 ,
, ,
-θ,ռ-θ-θպ-ʡս÷-. θ ,
-,Ǯ̸ Ϻ seuseumenogetabila ,
ٱ-,պ-պ-.  ,
???-,ռ-.  ,
???-,վ-.  ,
, ִ   ܼĹ(Ӥڪ) ,
-, ,
Ʊ-,վ-Ʊ. ϴ ,
-,Ĺڳ ,
-,ʵ ,
-,տ. 쳪 ,
븮-,븮 ,
븮ڸ,ȭ ,
븮-,ճ븮-.   ձ۷ ,
밡,ָ񳪹() ,
-,ռ-ߴ. ʷ.  ,
-,ִ(ٰ ˴) ,
-, ,
, ,
2,() ,
, ,
, ,
,ռ.  ,
,̳ ⸧   ø  Ǫ ,
-, ,
-,չ ,
-,ռ-ڡ-.   ٰ(Ŀ  ) ,
ҵ, Ѳ ,
ұ,簥.  ,
,ֱ.  ,
-,ռ-սü-.  ,
-,ջ-սù-.  ,
-, ,
,ä(ܷ) ,
-ױ,    ,
-, ,
׳,??.   ,
,ջ. (  ) ,
-, ,
-,ջ-.  ,
ﰩ-, ,
,(. . .) ,
ä,Ҹ  Ͽ  ҿ   ,
-, . ڴٸ ׵θ  ,
-, ,
,ڷִ ձ ׹ ,
-׸,׸ ׸ Ī ,
-ø, ,
õ-,   ,
-, ,
,þ ,
-,Ȱ-. ν ,
-׳,λ    ,
-,â ⿡ 縮   ,
ü,պüǬüռ. ä.  ,
-,ν ,
-,ε ,
͵,  ,
,() ,
,纸ñ.  ,
ǳ,ǳ. ǳ. ǳ ,
,() ,
-,  ,
-â,() ,
, ,
-, ,
-ű, ,
, ,
-ڱ, ڱ ,
,ǥ(ݩ) ,
-Ȥ,Ȥ. Ȯ ,
-,     ,
-, µ    ,
-,     ,
, ,
???-濡,. ڸ ,
-濡,  ,
-, ,
-,ĵ ,
-, ,
???-ڻ,ڲ  ٰ ,
-ڻ,ٰ ,
-,ٰ ,
-,չƦ-.  ,
ټ,׸ µ  () ,
ٷ,ޱ. . Ϻbaliggi(ة) ° ,
ٳ,ٴ ,
???-,ô ,
???-ä, ä ,
???-,  밳  κ ,
???-濡,??? ,
???-??,??? ,
???-,??? ,
??-, ,
-,չ. .  ,
̷,̷ ,
-, ,
-,س ۾  Ӹ   ,
-,̸      ,
,(). () ,
,߰  ޸ κ ,
-ڱ1,ջ˻. . Ǫ ,
-,嵵 ,
,ħ() ,
, ,
-,ո-.  ,
,ո.  ,
-ٳ,ձ    ٴ ,
-, ,
-,ҿ ° ,
,   ()  ׹ ,
, ׾Ƹ ,
θ-,    ,
ġ,ū  ,
, ,
,ո- ո ???- .   ,
巷-,¤ ,
???ü,ä(ܷ). (ӽʭ) ,
???,??? ,
-濡,ճ-.  ,
, ,
-,   ,
-߹,й ,
-??,а ,
-,  ,
-Һ,κ ,
-,   ,
-ħ,Ҽ ,
-???, ,
???-??,  ,
???-??,  ,
???-, ϴ ,
չ, ,
-,ġ  ,
-,͹ ,
-,ñ. Ǵ   ,
,ո.  ,
-Ÿ,. ȸ() ,
,ռ-. ޹м ,
-,  ,
???-,ι ,
-,հ-.    ,
-,  ,
-,   Ѱ ,
-, ,
,  ,
-Ƽ,  Ѹ(ٶ) Ѱ ,
-â, ׽   ,
-, ,
帰-,- ,
???-,  ,
???-,  ,
???-,Ϲ ,
-â,.   ,
Ǯ-Ź,Ǫ ,
Ǫ-,Ǯ-Ź. Ǯ ,
ǥ, ,
-, ߹ ,
͸, ̸ ,
, ,
,. 翡  ä ,
ź,() ,
-,ڹ ,
Į-??,Į ,
Į-,Į-'??.' Įϵα ,
???-,⸧ ,
???-???,???-???.   ,
???-,⸧ ,
???-???,???-???.   ,
???-,  ,
???,.  ,
???-, ,
???-, ,
??,äҸ ģ ä   ,
ħ-,.  ,
̿-ü,̿ ä ,
??-ü, ä ,
ü, äҸ  ߾   ,
û-,û ,
û, ,
-,帰--.  ,
???-, ,
??,. ˽ ,
??-??,?? ,
¡-,  . ٸ ҷ  ⶱ ,
,. ä  . ,
ġ, ,
,ġ. ġ.  ,
,.     ,
, ,
, ,
߼, ,
߰,  ,
-,ҳ ,
-߹,  ,
-, ,
-ħ,  ,
-, ,
??-???, ,
-???, ,
-???,ħ ,
-??,ħ ̰ ,
-, ϴ ,
-, ,
-, ,
, ,
,翡  Ҽ ,
, ,
,.   () ,
,. 綱 ,
ٸ, ,
, ,
-,-.  ,
-, ,
,׶ﶱ ,
, ,
,. ޹ 糪 ް   Ѱ ,
-, ,
-??,????     ,
-, ,
,з  ׸  ,
-, ⸧ ,
,( տ ø ) ,
-,ռĹ. ι ,
ȭ-,Ŷ ,
,.  ,
-,  ,
-,  ,
-,  ,
-,ջȭ-. (ܿ) ,
,     ,
-,÷綱 Ѱ  ̸ ַ ſ ⵵   ,
,⸦   ,
,ǥ. ().  ,
-, ,
-,  ,
-,÷綱  . νñ  ,
,(ܬګ). (ܬ) ,
ø-,η ,
-Ƽ,Ŀ ִ  ,
-, ,
-,չ-.  ,
-,ռ.  ,
-,  ,
-,Ұ  ݹ   ,
???-, ,
-,й ,
-??,  ,
-, ,
-,޹м ū  ,
,    ,
???-߹,  ,
???-,  ,
???-,  ,
-???,  ,
-,ġ  ,
-,    ,
-, .  ,
,().  ,
-Ŀ,Դ  (ڪ) ,
ɸ,վ.  ,
-,ġ ,
̿-ü,̿ ä  ,
-,ȼ ,
, Ҷ ū ,
Һ-, ,
Һ-ֽ,Һ ,
Һ-,յҺ-ּ̡յҺ-ֽáպ.  ,
Һ,κ ,
θġ,  ڼ  ,
-,յ-Ź. ɸ ,
-ġ,ġ Ѱ ,
-ġ, ٱ  ġ ,
׶-ﶱ,. .  ,
, ,
???-,޹ ϴ ,
-, ϴ ,
-,ձ۰   ,
-,⸦   ,
-ġ,ո-.  ,
-, ,
, ,
,մ. .   ,
߼,ü ,
߸,ø ,
-, ƴ  ,
,ȳ ,
-,.  ,
??,() ,
,(). (). Ŀ ⳪   ƴ  ,
-, ۿ Դ  ,
,??.   ,
,( . ) ,
,()   帮 Ĺ ,
,ǿ() ,
,⸧ ,
-, ,
-, ,
-,  ,
ġ-, ,
ġ, ,
,() ϰ  帮  Ǵ  ,
-, ڸ ϰ   ΰ ,
,      ,
,ٸ߼. θ.  ,
-ġ,Ϻ ġ. ܹ ,
,Կ ,
Կ,հ. 翡   ,
Ա,⡯   ,
-,  ,
,. ڻ(ߧ) ,
ɸ,  Ϳ ֱ Ͽ  ݾ  ,
,Ǵ ,
Ž-,鶱 ,
-,屹 ,
,̼.  ,
-,-.  ,
, Ǵ   ,
-ֽ,  ,
,???-. () ,
,(ָ ganjeu-me °) ,
ﵥ,α ,
ȯ-â,(߾ ͷ). â() ,
Ȩ-,칰 ,
-,׽ ,
,麸. 躸.  ,
,  ڴ .  ,
, ٴ  ִ  ,
-, ,
,   ÷ δ  ,
,() ,
,뽬 ,
뽬, ,
Ŭ-, ,
Ģ-, ,
-??, ,
-, ,
,-??. .   ,
߳-, ,
߳,߳ ,
-,ʰ ,
-,   ,
-, ξ  ִ   ,
û,  ,
ô-,å ,
ó, ,
â-,â  ,
â-,â ,
-, ,
-,- .  ,
-,  Ŵ  ,
-, ,
-, ,
,.  ,
-, ,
-, ,
, ,
, ,
,. ó . <⽾ ,
-,-.  ,
, ,
, ,
,.  ,
,ָ ,
-,ҹ ,
-??,() ,
, ,
ָ-,빮  ,
??,ξ ,
, ,
-ָ, ,
-,--ָ. 빮   Ϳ   ,
, ,
-,() ,
-, ,
Ȳ-, ,
Ȳ-,庸 ,
-,Ȳ-Ȳ-. 嵶 ,
, ,
̹-,빮 ޸  Ǵ 빮 ޸  ,
̹, տ ִ 빮 ,
-â, äâ ,
,쿵 ,
-,Ÿ  ,
-,Ÿ θ  ,
-,( θ ) ,
쿵,. ä ,
췹-,Ÿ  ,
-, ,
-Ÿ,ä ,
-??,?? ,
-,θ ,
,.  ,
-ä, ,
ͱ׷,Ŀٶ ǹ ,
÷,  . (ڦ) ,
-, ,
-,-. . .  ,
,(ڦ) ,
ä, ִ .   ,
-, ,
-ö,¼ ,
-ġ,Ű ,
-, ,
˳-Ÿ,ä ,
-,,
-,ް ,
-, ,
-Ÿ,ä ,
???-Ĩ,??? ,
???-,???-Ĩ.   ,
??-Ÿ, ,
??,() ,
??,簡(ʫ) ,
-Ĩ, ,
-ö,¼ ,
-Ȳ,踷縮 ,
-縮,踷 ,
-,ռ踷縮ռ-Ȳ. ҿܾ簣 ,
-,ζѸ ,
-, ,
,ħ ,
-, ,
, ,
-,ռ. ߺ.  ,
,-.  ,
-,ܰ(?) ,
-Ÿ,ä ,
-,() ,
ڸ,() ,
,Ĩ ,
-, ,
-??,?? ,
-??,'??'տ-'??.' 븶 ,
-Ĩ,ջ. () ,
-,-. 칮. 湮 ,
ä-,縮¦ ,
-,Ա ִ     ,
籥-,縮  ,
??,ٶ ,
-, ,
,  ƴ ,
-Ÿ,ä ,
񽺸-ʸ,涳  ,
-, ,
ҹ-Ĩ,Ҹ˰ ,
ҹ-,Ҹ˰ ,
ҹ-Ȳ,Ҹ˰ ,
Ҹ-,պҹ-Ȳպҹ-պҹ-Ĩ. 尣 ,
ϴ-,¤ ϴ  ,
â-,â ׵θ ,
-,ʹ. ڴٸ ׵θ ,
-, ,
,׵θ  ,
,ξ   ǿ Ͽ  ȭ Ѱ ,
, ,
, ,
-??,״ ,
-,պ-??.    ,
,Ѱ ,
-Ȳ, ,
-Ĩ, ,
-ڸ,ٱä ,
-Ÿ, ܾ簣 ,
???-縮, Ͽ ޸ ̴ ,
-â,̴ ,
-, () ,
-,¦ ,
-,ָ ,
-¯, ,
,(ڦ) ,
-,(ͷ) ,
-,ó .  . ͡  . <<< ,
-,ä ,
-, ,
-,𼭱 ,
-,ִָ .  빮   Ϳ Ŵ  ,
縮, ,
,θ ,
,ո縮. 縮 ,
-Ĩ, ,
ָ,չ¯. . θ ,
-Ÿ,ä ,
-Ʋ,Ʋ ,
-,뽬áĢ.  츮  . ް.  ,
ö,¿ ,
¿,յö. ¼ ,
-,η ϴ  ,
-Ĩ, ,
빮,  ,
ȭ,() ,
-,ո. θ.  ,
ݵ-,  Ǵ  ,
-û,۹ ,
׽-,-.  ̾ ׽ () ,
-, ,
-,ѵ ,
-, ȿ ִ () ,
Ŭ,Ʋ ,
-,ձ- ,
,. µ ,
-,ձ-Ρվ-վ-Ρվ-.  ,
縮-,ջ籥-. 簳 ,
ĳ,ξտ   ĭ ,
-, ,
-â,¦ ,
ſ,ʰ ó  ű Ͽ ޸  ,
,ι(۳) ,
-, ,
-, ,
-,  ,
-,.  ,
,--. ⽺ ,
û, ,
,հû. (?) ,
-,հ-.  ִ  ,
-???, ,
-, ,
-,- -???.   ,
ȸ-, ,
ȸ-,Ȱ ,
Ȱ,Ȱ ,
ȯ-θ,θ( Ӿ) ,
Ȧ-, ,
ȣ-,ȣڰ ū 밡 ,
,Ӹī   ,
-ٸ,ٸ ,
-߹, Ӹ.  Ӹ ,
㹰-׸, ,
,㹰. 嵥. ν ,
ױ, ,
-,ȫ ,
ū-, ,
,. ȫ ,
ϸ,Ժ ,
???-, ,
???-,???ٽ ,
???-ٽ,'???'-. ȶ ,
???-,Ȳġ ,
???, ,
??-ħ,?? ,
??-,?? ,
??-, ,
ǥ, ,
-ϳ, ,
â-,ڸ ,
,ǥ-׸㹰-׸. 嵥ڸ.  ,
,( ) ,
???, ,
??,ƱŹ ,
µ, ,
-,Ƽ ,
-, ,
-,ڴ ,
-,ұ⸧() ,
-, ,
-, ,
-,ڱ ,
,紫ڱ. ұ⸧. () ,
-,Ǫ ,
-Ǫ, ,
-ì,ڸ ,
-,-Ǫ̡-. ڵ ,
-,-ì̡â-. . .  ,
-,-.  ,
, ,
ѵα,Ѵø ,
Ѵ-ø,Ѵ ,
Ѵ,Ѵ-øѵα. ʸ ,
Ѱ,Ƽ  Ӹ ,
õ-¡,õ()> ,
â, ,
âƸ,âڡ   ,
???-,??? ,
???,'???'-. 㸮 ,
?????,????? ,
??, ,
??, ,
,ġ() ,
,??- ??- ??-ħ. .   ,
, ,
-???,???. Ƹ  ҷѰ  ,
,Ƹ. ٸ ,
-ſ,ſ ,
-б,Ӹ ,
-Ӹ,-б.  Ӿ() ,
, ,
,(Ͷ) ,
,ְƻ ,
-(),ǳ ,
-Ӹ,. Ƹ ,
-,Ӹ ,
,?? ??. ܵ  ,
,ܴ ,
, (ڶ) ,
,'???'-Ȧ-ȸ-. ո ,
-θ,Ժ ,
-,Ժθ. Լ ,
-,Լ ,
-,ԾƱ ,
Ӵ,̸ ,
̸-,Ӵ. ̸ ,
̸-,̸ ,
̸-,̸-. ̸    ,
-ϴ,õ. ̺.  ϴ ,
ġ,  ,
ٸ-,պ ,
, ,
-,  ,
-Ǫ,(?) ,
, ,
,۰ ,
-, ,
, ,
-¡, ,
-, ,
-,ոӸ ,
-Ӹ,վ-. Ӹ.  ,
,ݴ() ,
-, ,
-,ݴϰ پִ (߾) ,
,ݴϰ ִ κ ,
-, ,
-??, ε ,
,վ-.  ,
,ڱ() Ż  ,
, ,
߰Ա,߰ ,
߰,վ߰ԡվ߰Ա. .  ,
ֿ, ӿ ִ Ȱ ,
,â. (Ү). 踶 ,
-Ĩ,    ,
-â,系(Ү).   ,
ֿܱ-հ,° հ ,
ֿܱ,վƿ ,
-,ٸ  ,
ƿ-,ϳ ,
Ʒ-,Ƹ.  ,
Ʊ-,ְƻ ,
Ʊ,ư ,
Ʊ,Ʊ ,
Ʊ-Ź,'??.' . ͰŸ ,
Ʊ,վƱ. ư ,
ư,վƱ. ְ ,
???-, ,
???,   з ,
???-,찡 ,
???,() ,
-?????,?????. () ,
-ſ,ðſ.  ,
, ,
, ,
-,վ¡վ-.  ,
ǰ, ,
õ巷-,ȶ ,
,սǰ.  ,
, ,
,(ѱ)   ,
-,ν   ,
,ິ ,
-, ,
-ƿ,վֿܱ. վƱ ,
-,յ ,
-,ռյ. յ ,
-׹,ձ ,
-Ž,հŽ ,
-Ž,ռհŽ. հŽ ,
-Ÿ,ջ. ڰ ,
-,ȼ ,
-,ȹ ,
-, ,
-ġ,Ѹ ,
-???,gutqud ,
-, ,
-,ռ-. ٴ ,
,() ,
, ,
,() ,
-???, ,
-, ,
-, ,
-ڸ, ,
-, ,
-հ,尡 ,
-߰, ߰ ,
Ƣ, ,
,½. ͹ ,
,ܼ ,
, ,
縷,縶.  ,
, ,
, ,
,.  ,
ؿ-, ,
ؾ,??? ,
-,Ҹ ,
-,պ-. Ҿ˸ ,
-???,պؾ. Ҿ ,
Ϻ,ο ,
,ν ,
ο,պϺպϺα. ξ.  ,
ν,պ. ν ,
,ջ-. ¹(). ڱ ,
-, ,
-,   ,
-,ȿ ,
Ǫ,㹰 ,
,. () ,
,嵥ڸ. ģڸ ,
,պ.  ,
,պ. (ܻ) ,
-α, ,
-, ,
-,պ-. .  ,
-ٰ,ϾӸ() ,
, ,
-â,â ,
-, ,
-,-պ-պ-α. 趧.  ,
ȿ-,պ-  ,
,â. â ,
-,Ҷ ,
, ,
-,.  ,
-ġ,ߵġ ,
-ġ,չ-ġ. ߵ ,
-Ÿ,ڰ. ߻ ,
-,ݹӸ() ,
???-,() ,
ε-,εոӸ ,
ε-,εոӸ ,
ε-Ӹ,չε-̡չε-. Ӹ ,
-,ǹϻ ,
,ǹ ,
, ,
,() ,
-,ü() ,
-,.  ,
-α,û پִ° ,
񱸸-, ѻ ,
-,񱸸.  ,
𰳱, ,
, ,
,ջ-. ٴ.  ,
-ָ,ָ ,
-,Ǽ ,
-,ǹ ,
-,˸ ,
,() ,
۾,۲ ,
۲,ո۾. ۿ ,
Դ-, ,
Ӹ-, ,
Ӹ-ٸޱ,ӸС  ()  ,
ġ-,ū 밡 ,
, ,
,ո. 縶.  . ޶ѱ  Ī  ,
-â,() ,
-,  ,
???-,ġ ,
???-, ,
???, ,
???-,ܵ(ӡԸ) ,
???-???,??? ,
???-,???-???. Ҹ  ,
-??,() ,
-, η  ,
鷵, ٷ ,
-߰,ް ,
-ֱ,ް ,
-,յ-ֱ.  ,
-,յ-߰. ޴ ,
-Ʋ,ġ ,
-ġ,յ-Ʋ'???'-.  ,
, ,
,µ.  ,
, ,
εη,ε巯 ,
δ,ҵε ,
-,źθ ,
-, ,
Ӹ-,-.  ,
-Ӹ, ,
,յ-Ӹյ-չ.  ,
-,˱ ,
-,ոԴ-. ձٹ ,
-׸, ,
-, ,
,ٰ ,
-, ,
,յ-.  ,
-Ӹ,Ӹ ,
â,  ,
-, ,
-,մ- յ- ոӸ. Ӹ    ,
-,ٸ   ,
ٰ,յ. 밡 ,
???-ο,帧 ,
???, ,
-,() ,
-,̶ ,
-Ʈ,ջ ,
-ġ,ǽľ  ħ ,
-,ո ,
-, ,
-,   ,
,մ-. () ,
-Ȱ,() ,
-, ,
-,  ,
-, ,
-,մ-. . ڱ ,
-,ջ. ȴ. ȶ߱ ,
-, ,
-??,ٷ ,
-μ,̰(ڶ)> ,
-β,. Ǯ ,
-??,ÿ ,
-???,. ְǮ ,
-,ʸ ,
-,Ӽθ ,
-,() ,
-,.    ,
??-Ӹ,Ӹ ,
??-¡,񱸸  ,
ޱ,޺ ,
-ڶ,ͻ. ӹ ,
-, ,
-â,û ,
Ϳ-¡, ,
-ƴٸ,׹ ,
͸,. ߲ġ ,
Ͷ-ġ,͹ ״  ,
Ͷ-,׹ ,
Ͷ-,Ͷ ,
Ͷ,ձͶ-. ͹ ,
,. ħ ,
,ԡ   ,
, Ʒ    ,
-,պ-.  ,
-,ձ-¡ձͿ-¡տ-¡տ. .  ,
, Ʒ ,
-,ձͶ-ձ-ƴٸ.    ,
, ,
,ջ.  ,
Ż-,η ,
-,η ,
,. ұ⸧ ,
,  ʾ ,
ø,ö ,
÷-,ö ,
ö,ղ÷-̡ղø.  ,
ġ,() ,
, ,
ġ-,߸   ,
Ƕ-ٰ,Ӹ ,
-Ӹ,հǶ-ٰ ??-Ӹ. Ӹ  ,
η-,հ--. η  ,
-ٴ,â Ѱ ,
-, ,
,() ,
-,ħ ,
-,() ,
-,հղŵյ-ֱ.  ,
, ,
-,۰ ,
Ƶ,ɴ롯   ,
,ղ. ͷ ,
ſ,ſ. (Ӹ-ſ) ,
Ž,Ž ,
ż-, ,
Ÿ,ڰ(-Ÿ. -Ÿ) ,
-, ٷ ,
-,Ʒ ٷ ,
-Ʈ, ,
,հ-Ʈ. Ÿ.  ,
, ,
-ͷ, ,
, ,
, ,
-㹰,պǪ. Ϸ ,
,(?) ,
,հ. ٸ ,
-ġ, ؿ  . (Ҵ) ,
, ,
-, Ӹ  Ӹ   ,
׽-ٸ,  Ī ,
-Ӹ,θӸ() ,
½,¼() ,
-,   ,
Ұ-,ұ   ,
,  ϴ  ,
,縶. 踶  þƺ θӸ () ,
-,(ٽ) ,
-ƹ, ,
-, ,
-,-ƹ. (ݫ) ,
-, ,
-޴, ,
-???,ټ °Ƶ ,
-,ټ °. ,
-,ټ ° ,
-,ټ ° ,
-, (° ) ,
-,ø() ,
Ĺ-,ı ,
ĳ,ī ,
-,챺. ()> ,
??,() ,
,. . >> ,
,.  .  ϴ  ,
,(ί)> ,
-ġ,ؿ  . Ҷ(ڱҴ) ,
-, ,
-, ,
-,-̡. ҹ ,
, ,
,.  ,
, ƺ.  ϴ  ,
???-,˱ ,
-,'???'-. ġ ,
,() ,
彬,() ,
嵹-,ӽ. κ() ,
峲, ,
,ۻ ,
ۻ-,ۻ-. ƴ  ,
ۻ-,粬Ÿ ϴ  Ī ,
ֿͱ,Ʊ ,
-Ʊ, ̾  ,
??,Ƶ() ,
-??ܱ,?? ,
-??,-'??ܱ.' ԺѸ ,
ϰ???-,ϰ޸   ,
ϰ-, ,
̿, ,
̻,ǻ() ,
̸-,̸-. () ,
̳,Ƴ   ȣĪ ,
-, ,
-???,??? ,
-,Ž(ʫ) ,
,̿. ǿ() ,
, ,
-, ,
츮,(͵). ģ() ؿ ִ  ,
帩-,갣뿡   ,
-, ,
,鷯 ,
-ٸ, ,
-, ,
-ٸ,    ,
-,޼ ,
-, ,
ܴ-,ֲٴ ,
ܰ-ٸ,ڱ 游 Ͽ 뼺   ,
ĳ,.  ,
-ر,ܽα ,
, ,
-, ,
,. () ,
, ,
,ͻ ,
, ,
ʻ,հʻ. ġ ,
,(). ??>??> ,
,.  Ű ,
,س  ,
, ,
-ü,չ-ǡ. б ,
ø,  ǰ ̸ ,
???-Ʋ,⳪   ,
???,(߸) ,
-,պ-Ǫ.  ,
-,ٽø ,
,  ,
,  ,
ʻ, ,
, 귯  ,
-, ,
-,ճ-̡ճ-. ,
-, ,
-,  ,
-ġ,ü ,
-, ,
-,  ,
-Ÿ, ڰ ,
-,() ,
-ҿ,ȣ (̫. ) ,
, ,
,ճ̡ճ  ,
-, ,
???-,??. () ,
??-2,ո߹.  ¥ ,
??-,-.  ,
??,'???.' Ǯ ,
,ũ ,
-,͸ ,
-,ȭ ,
-,ĵ泪 ,
ð-,ñ(õ) ,
-, ,
,ձ. ܸŸ ,
-, ,
-, ,
-,ǳ ,
-,Ȱ ,
, ٸ ,
,պθ.  ̸. Ϻ goggusagi ,
-,ռ-.  () ,
, ,
, ,
-,γ ,
,꽣 ,
ġ,հʡչ-. ( Դ°) ,
,ճʻ. ϳ  ,
,(ڹ) ,
-1,-.   Ǯ Ī. 趥.  ,
-Ǯ,ҹ ,
-Ǯ3,ն-ն-. ,
-Ǯ1,ձ-ϸ-. ҹ̲ ,
-,հ-'???'-. ̵ ,
-,.  ,
Կ-Ż,պ-Ż.   ,
,˺. () ,
-,챸 ,
-ǳ,ǳ ,
-̳,˾̳ ,
-İ1,???-İ ռ.ҷ  ,
챸-,-հ-. ڳ ,
-, Ҿ   Ű Ѿ پִ  ,
-,պհհﵿհ-.  ,
-ٳ,͹ٳ ,
-,ǳ.  ʰ Ŵ   ,
-,ؾȸ޲ ,
-, ,
-,  ᰡǴ Ǯ ̸() ,
-, Ѱ ,
-,??-. () ,
, ª (ӭ) ,
,հ. () ,
-, ,
û, ,
ô,ô ,
¸,(Ϋ). (߲)> ,
-,⳶ ,
-,հ-հ-հø-. 罺ǳ. ˳ ,
-,ռһռһ-Ǯտ-һ. ֻ ,
-ٳ,հ-ٳ. ٴ ,
-ָ,ڸ ,
ϸ,ܰ ,
???ڸ, ,
Ƽ,2 ,
???ȱ, ̸(?) ,
, ,
,.  ,
,ֳ ,
־, ,
-???, ̸ ,
翭, ,
,縮翭. Ź ,
,??. ̸. Ϻ debbomusi  ,
-,ġ. ڹ ,
-,翭 ,
ʹ-???,-???. δ  ,
ɹ-,ȣ ,
, ,
-, () ,
ۺ,(?) ,
̿-, ,
-???,սɹ-. Ʊ ,
-,ջ-.  Ѱ. ߰ ˰ . Ϻasina-gabajji() ,
-Կ,Ұ ,
α,ձ   ,
,С.  ̸. Ϻ. isoge ,
, ,
ʵ,ٷ ,
-丷, 丷 ,
-, ,
-, ,
-,ռռ. . ܰŸ ,
, ,
-ü,׸ ,
-׸,ճ-ġճ-ü.  ׸.   ,
-, ,
, ,
,() ,
,ճ.  ,
, ,
-,ӱͳ ,
-,ճ-.¤ ,
???ζ,ռҿΡռۿΡռ۳. ۾ ,
??-1,տ߸() ,
??-, Ѱ (ư) ,
׸,׷() ,
-,ձ-.    ̻ ,
-,  ,
, ,
,١ճ. . .  ,
-, ,
-,ձ-̡ձ-ձ-̡մ-մ̳-. Ƽ ,
-,Ȱ ,
Ȱ,ձ-ձ-. Ÿ ,
, ,
-,  ,
-γ,˳ ,
κ-,յ-ջ꺣-. ʺ ,
-,Ǯ1 ,
,ġ ,
-,θ ,
ȭ,ռҽ-???-ճ븮ڸ. (?) ,
-2,յ-Ǯ. Ǯ ,
-,ҹ ,
-ҹ,հǮհ-.  ؾİ ,
-, ,
-ַ, ͸ӷ ,
,ֱǮ ,
Կ,ȭ(Ρ)  Ǯ ̸. Ǯ ϳ Ѹ    ܿ￡ Ǫ ,
˺-,ǳ ,
-,챸 ,
-ǳ,հ-ǳ.  ,
-,     ,
-2, ,
-, ,
-,տ-ʡ-. . ֶ(յ) ,
-,峪 ,
-γ,ղ-. βγ ,
-ġ,հ-.  ,
-,عٶ ,
,ָ ,
-, ,
߱, ,
, ,
Ʋ-,⳪   ,
ø,Ǯ縮 ,
ø-,⳶ ,
-,??-. ()  ,
,հû. ĸǮ ,
-,⳶ ,
-,-. (鳪) ,
-,츶. () ,
-,  ,
??-,״ ,
,㹰.     ,
ϴ-,(Ϸ) ,
??,ĸ ,
û-,ܹ ,
??, ,
, ,
, ,
ؽ,ȷ ,
ֳ,.  ,
, ,
縮, ,
ݷ,簭2. 赶ٱ1 ,
-ġ, ,
-α,Ȳ  ,
-翭,տ-. ū Ź ,
ɹ-,??? ,
-,.  ,
,վ. ĳ ,
, ǳ ,
-,ҳ ,
ҳ-,ռ-. (?) ,
̿, ,
-, ,
ش,θޱ ,
-ѵ,ݵ ,
,Ȱκ ,
, ,
-,() ,
1,պ.  ,
2,ռҰġ. 뷡 ,
, ,
???-Կ,???-ɿ.   ,
-ط,϶ ,
,. (?) ,
-,չָ չ ???ڸ. ڸ  ,
,ؽá. 걸 ,
,ո. ޶ѱ  Ī. 縶.   ,
???ٱ,ٱ ,
ι̿,θޱ ,
-,˱ ,
, ,
, ,
2,ս-̡Ƽ. .  ,
ָ, ,
???-ɿ,???Կ ,
̸,() ,
-϶,չ-ط.    ̸ () ,
-,Ǻ . . . .  Ī ,
渶,Ͳ ,
־Ʊ,1 ,
, ,
???, ,
׺,β ,
θޱ,յι̿պ. ǳ ,
ٷ, ,
ٱ1,'???ٱ'ݷ.  ,
,() ,
-,  ,
-,յ. ٱ ,
???־Ʊ,???ȱ ,
???ٱ,ٱ ,
??, ,
׻-, ,
,.  ,
,ͶѶ ,
ġ-, ,
־Ƹ,??.   ,
-,հþ- ձ׻- ձؼ-翭 հġ- ???-翭.  ,
븮1,1 ,
Կ츮1, ,
Կ,Կ.  ,
Ÿ,Ÿ ,
-2,հ븮2ݷ. ι ,
,???'  ,
-,  ,
ȫ,ȫ ,
,(ˣ) ,
???-???,Ժ??? ,
???-??ű,Ժ??? ,
,ġ ,
-췰,. 뷡 ,
-,- ,
-,-. ڰ ,
,ؿ ,
ڸ,ڵ.  ̿  ۰  8cm ,
,浼 ,
-ļ,ļ2 ,
,ļ2 ,
,ٸ ,
,. Ȳ ,
-, ,
ƿ, ,
, Ѱ.   Ƹٿ   ,
θ,ٴ 췷 Ѱ.  ()        ,
ֳ,ļ2 ,
ļ2,տ̡տտ-ļռֳ.  ,
, ,
???, Ϻ mebalu ,
??,??鷡.   . Ϻ dainang-gimbo,
ٴٸ, ,
ؿ,.  ,
,ָӴ ,
,̲  ,
κ,. ִ  ,
,ٵȭ ,
-,Ź    ,
ġ, ,
,պ.    ,
̱, ,
,պ̱. ٴ̸ٰ Ϻ hilaseu( ) ,
ٸ,տ. .      ,
???-, ,
̿ġ,ġ ,
,???. ػ(߸) ,
ٷ, ,
,Ҷ ̰  ̲ ƶŭ ū  ,
,չٷ. () ,
-,𷡿  ̸ ,
, ,
-췰,췰 Ѱ ,
߽, ؾ ϰ  Ȳϻ() Ǵ ϻ() ٴٰ ,
-???,???-??? ???-??ű.  ˰ Ųϸ  ū ٴ 췷 Ѱ  ,
,հ.  ,
-ŷ, ſ  ׸ ũƴ ٴ Ѱ ,
, ,
,̸. Ϻ tomagulo ,
-,ٴ尡     ,
뿱,մ뿱-.  ,
ڻ,յ. Ҷ  ,
???ġ,ġ ,
???-,¡  ,
, ,
ͻ, ,
, ,
,վƿ̡վ ư ,
,ٱݹٸ Ѱ. Ϻ ala ,
, ,
,.  ,
, ,
, ,
, ,
,ձ. () ,
Խ,չ-Խ.  ,
-, ,
,հ˳.  ,
-, ̿ ϰ     ٴٰ ,
ġ-Ǵ,ġ÷ ,
ġ,Įġ ,
, ,
-???,ٽ ,
ٸ,. (Ϻ oggisawala) ٸ      ,
Ȳ-,Ȳ ,
Ȱ-,ϵ ,
ϵ-,Ȱ-. -  ,
, ,
ٱ2,ū ޶ѱ ,
-,ǳ ,
-,ɱ ,
״,??-. Ϸ  ,
???, ,
???ȱ,???־ƱռҰ-ġ. () ,
??,־Ƹ ,
ؼ-翭, ,
͸-,.  ʴ Ź ,
, ,
-ָ,Ǫ ڸ ,
ġ-ָ, ڸ ,
þ-, ,
븮2,2 ,
Կ츮2,ż ,
Կ,Կ ,
ż,հԿ츮. () ,
Ÿ,հŸ. ŸӸ ,
-,հ븮1ո־Ʊոֱ. ì ,
,û ,
Ȳ-,  ,
???-,  ̰ ߰     ,
,ġ.  ˰   ,
???-, ġ ,
ô-,. å ε  ƴ ,
,췰 ,
, ,
, . ڰִ  ,
,ٸ    ,
۷,??鷡 ,
,() ,
췰,ٴ ̸.  Ӱ Ӹ  ŭ. Ϻ gasaggo,
,ļ2 ,
¡,¡ ,
, ,
-, ,
,վ-վ-. . 𷡿    ,
-,  ,
,ڹ ,
, Ѱ.  ٰ()̸ ð ߰   ,
ġ,ġ ,
ļ1, ,
, ,
??鷡,?? ,
, ,
,պٴٸ. Ӹ    ٴٰ (Ϻ neggozame ) ,
Ϲٸ,Ӱ  ִ ٴ  Ƹ () ,
ô,å   ,
???,ι ִ  ,
, ,
???,??ű ,
, ,
ü,źϼ ,
,Ʊ.  پִ 񰫸  ,
-ٷ,Ź̺Ұ縮 ,
???, ,
-,̲  () ,
̲,̲ٶ ,
-̽,ĸ(ٽ) ,
-Խ,Խ ,
ٵθ,Ҷ   ,
-,ȣ(ߦ).   ° ,
𵵸,ǻ ,
ġ,չ̿ġ. .   ð ϳְ ű  ,
,ġ ,
ȫ,ָ ,
???-,ι ִ  Ѱ() ,
,  ϰ    ٴٰ ,
, ,
-???,ٴ 췷 Ѱ ,
,յ. ̻. 泲 꿡 ա. ܵա̶   ,
-ڸ,ٴ尡   ڵ ,
뿱-,뿱 ,
,ڻ ,
ٱݹٸ, ϳ     Ǫ ٴٰ. Ϻ hong ala ,
-, ̰ ִ  Ѱ( ƴ) ,
??ű,պ???.    . ٴ 췷  ,
巹,Ե巹 ,
,      ְ  پ ° ,
,ձ. Ҷ ,
,ձͻ. () ,
, ,
,ձձ.  ̿ ϰ  ٴ  ,
ٸ,ٴٰ ̸ ,
, ,
,հ̡հ̡հ. .  ,
,  ϰ ġ  ū ٴ  ,
Կ,â ,
Ե巹,ձ巹.  ,
˳, ,
, ,
-,հ-.  ̿ ϰ   ٴٰ() ,
ġ-÷,հġ-Ǵ. Įġ  ,
-Խ,   ,
, ,
-ٷ,Ұ縮 ,
İ, ޴ٸ() ,
Ȳ-, ,
Թ-???, ,
ĺ,̿  () ,
, ,
-??,¸ ,
Ű,곢 ,
,⸧. () ,
???, ,
-,ٰ()    ,
-ƶ,Ѿ˶(ڭݻ) ,
û-???,ûʸ,
û-???,ִ  ,
ڷ,  ε  1(?ة) ,
??,ϸ ڸ(ة) ,
,ٸ ,
߼,Ǵ ,
, ,
-,Ʋ ϴ   ż Ǵ Ÿ ,
,ظ(ة). (ة) ,
븰-,      ,
븰-,  (ӿ) ,
-,մٸ Ż(Ͽ) ż Ǵ Ÿ ,
-, Ǵ     ,
-,    ,
,  ,
, մٸ() ,
-???,??? ,
,ð     (ӿة) ,
,  . ġٿ  ߰ ,
ġ,  ,
-???,-???.    ,
¦-,ܰ ,
???-???,??? ,
,̸() ,
???,Ϸ ,
Ϸ,'???.'   㸮 κ ,
ϰ-,ϰ  . ϰ  ,
ϰ-λ縮,ϰ   ƴ   ,
ϰ, ϰ  ,
̼-,   ,
???,(ة).   ε  1 ,
,պ. Ȳ(ة) ,
,氥(ة) ,
, ˰  ٸ  ִ (ة) ,
-???,??? ,
븰,п    ִ 踻(ة) ,
, п    ְ   ִ 踻(ة) ,
-???,տ-??????-??? (ة. ة) ,
, ,
,տ. .  ,
-,¦-.     ٸ .(߷Ÿ) ,
,ٸ. ʱ Ѱ. Ϻ anaguma ? ,
-,۾ֱ ,
-۾ֱ,տ-.  ,
, ,
,տ.  ,
-,   ,
-η,   ,
,   ,
, ,
븰 ,      ,
ľ, .   ȥ()     ,
 , .     ,
˳븰 , .  .    ,
 , .     ,
-,վ.  ,
-, ,
-,谳 ,
, (?) ,
-, ,
-Ʊ,ֵ ,
ȩ,.  ȩ  ,
ư-, ,
???-, ,
??,   ,
-ٰŸ,궼 ,
-,̸   ִ  ,
-,. .    ,
-, ,
-, ,
,() ,
-,ս-'???'-. Ħ ,
-,ս-.       ,
, 趧 ,
-, ,
-ڳ,ھ ,
,۾ֱ ,
-ġ,ħ ,
ļ,     ,
,󷰼() ,
븰,   (ӿ) ,
ż,   ణ ִ   ,
븰ż,Ӹ    ణ ִ   ,
˳븰,     ,
,  ,
Ȳ,  ,
,.к   ǰ   ,
۾ֱ-,ġ ,
۾ֱ,ռ. ۾ ,
ֵ,վ-Ʊ.   Ʒκ ,
-???,??? ,
-, η  ,
-, ģ. ǲ ,
-۾ֱ,η۾.  ģ ۾ ,
-???,Ȱģ . ǲ ,
-???,ռ-???.  ģ . ǲ  ,
-,    ,
-],    ׾   ,
-, ,
-,   һ ,
, ,
,긻(ߣة) ,
-,帩 ,
-۾ֱ,  ۾ ,
,   ,
-,ɰ ,
, Ǵ  㸮 Ʒκ (ݻ) ,
ٴٸ,Ǻκ   ,
-,    ,
-,ϼ ,
-,Ȳ  (ة) ,
λ縮,  ƴ   ,
η,η ,
η-???,  Ǫ ƴѸ (ة) ,
η,պη. () ,
-ٸ,㸮    Ǵ ż ,
ϵ,   ,
??????, ٹڸӸ   ,
,Ʋ ϴ    ,
ôٸ,㸮   ,
ٴٸ,޴ٸ Ż(Ͽ)  ,
-,ż ,
ϵ,   ,
,Ʋ ϴ   ,
,մٸ Ż(Ͽ)  ,
,      ,
ôٸ,㸮   ,
η,   ,
ٴٸ,޴ٸ Ż(Ͽ)  ,
-???,Ÿ ,
-???, ,
,պ-???. 鸶(ة).  ,
-, ,
-,ƶ ,
-Ʒ,緯 ,
-ƶ,պ-. ˶ ,
簥-,簥.  ,
-,() ,
???,??? ,
???,???.   ,
???-, Ҷ ,
???-, ,
???,. ̸ ڱ  ִ ( °),
¼???,̸  ִ (ة) ,
η???, ʰ  ʰ Ǫ ƴ  (ة) ,
???,  (ة). (  .) ,
???,      ,
???,հ???.    ,
,  ,
, ( ) ,
???,??????.  (  ) ,
???,???.  (  ) ,
ûʸ,û???.   Ǫ ְ     ,
???,հ???.  (  ) ,
???, ,
,ʼ() ,
ȩ,(ƽ) ,
ϰ,ĥ(̸) ,
,() ,
ٽ,(ٽ) ,
,??() ,
,(縨) ,
ٰ,̼(̵) ,
ݽ,ݽ¸(ϸ) ,
??-, ,
-, ,
-,չ-.   ô   ,
-, ,
-,¥ һ ,
-ġ,??ġ ,
-,»-. . θ(ة) ,
-,  ,
??,?? ,
??,??.   ,
ζ-,     ,
-η,η ,
-η,ն-η.  ,
帩-,ջ-.   ,
-, .     ,
ư-, ,
׺,(Ү) ,
,ġ(ݻ) ,
İ,޴ٸ(4) ,
Ϸ,㸮 κ. ( ) ,
,(ݻ). (3) ,
-,  ٸ   ,
ζ-,    ,
,մٸ(2) ,
ۻ, (ݻ̷ˤ) ,
ֵ,վ-Ʊ. ӸϹݺ(ݻ) (1) ,
Ӹ-,Ӹ ݺ(ݻ߾) ,
-, ,
,ȥ () ,
,  ,
,  ,
,  ,
,.< ǰ  .> ,
,յ.  ,
-,̺ ,
-,յ-. .   Ǻκ ,
-,    һ ,
-,߹ٸ ,
-, ,
ٽ-η,ټ    ,
ٽ, ټ  ,
ٰ-۾ֱ,  ۾ ,
ٰ,   ,
???-???, ³  ,
븰-,Ȳ 踻(ة) ,
븰-,Ȳ () ,
븰-ż,Ӹ    ִ  ,
븰-, ,
븮, ,
,¥  ,
»,    ,
,     ,
ڻ,    ,
,ڷ    ,
밢,  ,
밢-,() һ.<һ ǰ .> ,
,ճ ???-. 㳪  ,
-,   ,
-η,   ,
,   ,
??-ġ,ո-ġ. 찳 ,
??-,  .(() ʼ-ű .) ,
-,   ,
̼-,   ,
ݽ-???,ݽ¸ ,
ݽ-,ձݽ-???.    (ة) ,
, ,
ϰ, ϰ  ,
,   ,
ٽ, ټ  ,
,   ,
,   ,
ٰ,   ,
ݽ,  () ,
-۾ֱ,  ۾ ,
-,ʹ ,
-Ĩ, 㸮 Ʒκ ,
-, . ġٿ  ߰ ,
-???,(ة) ,
, ,
ġ-, (ة) ,
η-,踻 ,
-???,-??? ,
-???,հ-???. ȸ(ة). (ުު) ,
,ձ.  ,
-, ,
-,հ-.   踻(ة) ,
-,()  () ,
-ż,  ִ   ,
˳븰-,Ȳ()    ,
˳븰-,   Ȳ ,
ɱ,  ,
-,   һ ,
-???, û()   (ة) ,
, ,
-,氥(ة) ,
-ٸ,޴ٸ ߾ ż Ǵ Ÿ ,
,??? ,
-???,հϡվ-. ̸ ڱ  ִ¸ (̡ة) ,
-???,??? ,
-,ٰ (ة) ,
-,  ,
-???,հ-???.    ,
-???,- ,
-,-???. (հ) ,
ұ-,ϱ ,
ϴ-,帩 ,
ϱ-,ұ. () ,
???-,??? ,
???-,ָ ,
???-,() ,
,() ,
,׷ ,
, ,
-,ָ ,
-ֱ,ξֱ ,
-???,??? ,
,.  ,
ܰ-???,ܰ ,
ܰ,տܰ-???. (ͮ) ,
-, ̸. 㿡 ο  ƴٴ ,
ø,÷ ,
÷,տø.  ,
,û. ξ ,
-ξֱ,ϺƸ ,
-???,ż ,
̺-,޻ Ī ,
-,ؾ ,
,. ߶ ,
-ξֱ,ֱ. Ƹ  ,
-???,-???. ż  ,
ҷα,ҷ ,
ҷ,˼ҷ ,
ҳ-,ڻ ,
2,ָ ,
1,() ,
, ,
-, ,
,ջ. .  ,
??-,Ͱ  ƴٴϴ () ,
ֱ,ֱ ,
ֱ,պֱ. Ƹ ,
,ѱ ,
ָ-,ջ̡-̡'???'-̡'???'-.  ,
ٴ-,ٴٻ ,
ð-,𽺰 ,
𽺰-,ոð-. Ҳ ,
??,Ͱ ,
??,Ͱ ,
Ͱ,ո?? ո??. ֶ.   ,
???-,  ,
???-,ް. (հ) ,
???-, ,
???, ,
帩-,ϴ- ޻ ,
ѷ,η ,
-ҷα,˼ҷ ,
-ҷ,ռҷն-ҷαռҷα. ְ ,
-,ռҳ-   ̸ ( ׵θ ) ,
, Ѱ ,
-???, ,
???,??? ,
???,???. 糯. .  ,
???-,??? ,
???ű,??? ,
???,???ű ???-. ű  ,
ⷹ,׷ ,
׽-ڻ, ??? ,
׷,ձⷹ. ⷯ ,
-ֱ,. ָ ,
-???, ,
-ڻ,??? ,
,???-. (?ή) ,
-???,հ-ڻձ׽-ڻ. һ ,
,Կ ,
Կ,հ.  ,
ġ,ġ ,
ġ,հġ. ġ ,
ȯ,ȯϿ   ,
, ϴ  ,
-,㹰  ,
-,   ,
-ֱ, ȭ ΰ ϳ ,
Ҹ-,Ҹ ϱ Ͽ   ,
Ҹ-,Ҹ ,
Ҹ-,Ҹ-. ڽ   ,
Ҹ-,Ҹ ϴ ε ° ϰ ٴ  ,
, ȣε ̡   Ī ,
Ǫٽ,ǪڰŸ ,
ְ, ȣ ,
ڽ,(ͱ) ,
ĥ-α,ĥ ,
ĥ,ĥ-α.  ̸ ,
Ģ-Ƽ,ִ ,
ý, ,
õ??-,Ѷ꿡   ̸ ,
õ??-,Ѷ꿡    ̸ ,
õ,  ̸ ,
õ-ҵ,(Գ). ұ ,
õ-,(߱). ù °  ,
õ-???,(?). ù°   ,
??û,溻 ΰ Ǵ   ̸ ,
,??û ƹ Ǵ  ̸ ,
-ҹ,() ұ ,
-,(߱).  °  ,
-???,(?).  °   ,
-Ҹ,Ҹ ,
걹,걹 () Ǵ  ̸ ,
׻, ,
,??û ӴϵǴ  ̸ ,
-Ҹ,ξ  ε  Ҿƹ桯 Ǿٰ ,
,ξ   ̸ ,
Դ,̳  ϱ Ͽ ͸   ϴ  ,
Ϸ-??,߻갣 ζ ִ μ ̷()Ǵ   ,
ο-ҵ,(Գ) ұ ,
ο-,(߱).  °  ,
ο-???,(?).  °   ,
õ,ϴÿ  ̶  ,
-,óԲ ڽ ޶   ,
-,( ). ܰ  ϰ ,
,¿ ()   ,
-罽, 罽 ,
-Ҹ, ,
, ,
,տ-Ҹ. ٴٿ   Ѹ 2  ưٰ ϴ  ̸ ,
-,¿    ,
-,տ.   Ͽ 2 13Ϻ 15ϱ ϴ   ,
,   ſ ġ .  . . Ƿ ,
-ҹ, ҹ() ,
-,()       ,
ɹ, ,
-, (ۮ) ,
??,氨 ΰ Ǵ  ̸ ,
۳,     ,
۱,õ Ƶμ Ѷ  Ǿ ,
õ,õڱ Դٴ ˼۴  ̸ ,
ҹ,ӸǴ  ؿ  縦   () ,
,ȭ ̸ ,
-,(). ()  ϰ ,
-ҵ, ұ ,
,(С) ,
-???,ϱ⿡    ,
-,ϱ⿡   (߾). ,
-Ҹ,Ҹ ,
-Ҹ,ջ-Ҹ -Ҹ.  ػ ְϴ  μ ֵ  缱⡯̶ Ҹ. . . .,
,  ĥ  ⱸμ     ִ    ,
-,(ߣί) Ѷ 뿡 ִ  ŵ ,
??θ-,͸   ̸ ,
,ų  뿩 ޾ ſ   ,
-, ȣ   ,
,().     ,
-Ǯ, ٺ Ǫ  ,
,(ʰ)  ̷  ٺ ,
-Ҹ,˼۴ . õ ƳǴ  ̸ (ڿ ȥϿ) ,
-,￡ ִٴ  ̸ ,
,ݺ ,
-,  Ͽ  ġ  ,
,  ִٴ   ,
, Ī(٢) ,
-ҵ, ұ ,
,ӿ () ´  ,
,  Ҿ Ű   ,
ܱ,ܰ ,
ܰ,մܱ.    žֹ ,
??Ӹ-,縮 ڿ  ̸ ,
-ϴ,ȭ    ̸ ,
, ȭ   ̸ ,
-,   ̱ Ͽ ſ   ,
,(ڦ) (ʰ) ΰ Ǵ  ̸ ,
, ,
ø, 翡  °  ÷綱 ,
ݻ,￡ Դٴ ȭ  ̸( ) ,
ݺ,պ. ǡ μ ￡ Դٴ ۴ ̸,
;-Ǯ, ,
-,įį   ,
-,縮  ̸ ,
???-???,  Ӹ   ,
,. 䳢 ,
»-,̸   () ,
곢,Ű. ڳ ,
ڰ-???,   ,
߸,ȸ  (ة. ة) ,
,???. ǲ  ,
-,ð.  ִ  (ӿة) ,
û-,û-???.   Ǫ ְ   ( ة) ,
???-, ,
???-, (ة) ,
-,ٸ  ,
ٸ, ,
߼, ,
,մٸ Ż(Ͽ)  ,
ȩ, ȩ . (() ) ,
ı, ,
걹,??θǡ ƳǴ  ̸ ,
,翡   Ͽ ŵ ϴ   ,
???,й() ,
ȣ-,Ӹ ,
켭,ؼ() ,
Ǯ-,ó ,
,.  ,
-,  ,
???-, ,
û,Ӱ ,
õ,ö ,
, ,
, ȿ  డ 뷡 θ ߸ ٴٸ⸦ ϴ  ,
-, ̸ ,
,. 屸() ,
,ڰ ,
׷-??,ζ  ,
-Ÿ,   ,
, ,
-,Ʒ ִ  ,
Ӹ-,Ӹ ִ  ,
-ɸ, ,
-,밢()   ,
??-, ̸ ,
-,䳻 ,
,  ,
,տ-ɸ. .  ,
, ,
-,׵β ,
,Ѹ ,
-۶,ٳѱ ,
-,Ӹ ,
-, ,
â,â(٣) ,
Ӹ-,ӷ» ,
???,??? ,
???-,  ִ   ձ  Ǵ  Ӹ ̴ ձ  ,
-, ,
-Ӹ,չ-̡ȣ-. ٱ ð ,
,. ¡. Ѱ ū  ,
븮-, ,
??, ,
???,ۿ() ,
-,̸ ,
,տ÷. ׳ ,
, ,
, ,
-,   ,
???-,   ִ ̰ Ǵ  ,
Ĵ,Ͼ߱ ,
,Ÿ ,
-Ÿü, ü ,
-,  ,
-, ,
???, ,
,渶 ,
-,¤  ,
, ,
,.   ״  ,
߹-ȣ,߰ ȣ ,
߹,߰ Ȯ ,
-, ,
, ,
ֵ,ֵ ,
-??,  ,
,???.   ,
, ,
̷, ,
, ,
,簥    ޾ ⸦     ,
,տ.  ,
쾾,ذŸ  ־  Ѹ  ,
-,-ֵ ,
-,ѹ ,
-, ,
غ-,簥  ⸦    ,
, ,
,   ٴ  (  ) ,
,᷹ ,
???-, ,
-, ,
, ͱ  Դ  ,
-,  ȵǴ ô  ,
θ-,簥  տ  Ҹ ϴ  ,
-Ŭ, ,
-???,⿡  ̴   ,
-Į,⿡  ̴   . 躲    Į ,
fp, մ  Ѱ ,
-,뵢 ,
,պ. 䵢. 뵢 ,
, ֿ  Ʒ Ű Ͽ    ,
-̷, ,
-,簥 ,
-,й ,
Ŭ,  ؿ ִ     ,
-, ٹ   ,
??, ٴٸ   ̸ ,
-, 硯 ϴ ε õ () () ó °̱⵵  ,
,쿰 ,
,༭() ,
-,  ,
, ,
-, ̸ ,
Ʀ-, ,
ּ,ʼ() ,
õ-,ö  ,
ô,å() ,
ٶ, ,
ֳ, ,
, ,
-, ¦ ,
÷, ,
,ħ Ѱ ,
 ø, ,
߾-,  ִ  ,
-,  ִ  ,
-,     ,
-ġ,ġ ,
-,ȳð ,
??,() ,
-,  ,
-,ħ ,
, ,
,ֳ. ʱ() ,
,ħ.  ? ȹ ,
,պ. () ,
,ٵ Ǵ   ,
???-, ̸ ,
鶼,ġ ,
Դ, ,
ӷ-,ոӸ-.  Ӹ ,
???,???.   ,
-,ܹ ,
-,ȸ.  ,
,ֵ ̿  ε ׻ ̻󿡴 岭ǡ   Ͽ ϡ  ,
,ջ. 뷡. ,
-, ð ,
,'??.' () ,
׸,׸ ,
,.  ,
, ,
-,  ,
,ղղղ.  ,
,ڿ    ,
???-迪,Ϸ  ,
巷-,.  ,
ȣ-,ȣڱ ,
???,Ÿ ,
-???,??? ,
-ٸ, ҿ   ,
ʹ, ,
-,-. ݿ  輭 ,
-,緡   ,
䰡, ,
-,¤  ,
-,¤ ,
, ,
߹-,߰  ,
-, ۿ ִ ׸  ƴ  ,
, ,
,̡.   ⸦   ,
-, ,
-ũ, ɾ  ,
-, ,
,粨. 貨. 簥 ,
,.  ,
-,  ,
, ,
ָӸ,   ,
ñ,  Ÿ ,
-???,??? ,
-ֵ,ֵռ-. Ҹ Ǯ翡 Ŵ    ,
-,ռ-. ϵ ,
-ɸ,Ÿ ,
,ռ.    ,
-,޷ ,
-,Ұ ,
-,簥  ޼տ   ,
,.  ,
Ҹ-,   ߸  ()ϴ  ,
, ,
, ,
, ,
-,䵢 ,
???-, ׷ ,
-Ĵ, ,
-,  ,
ٷ-, .   ,
-,.     ,
-, ,
-,() ,
-ڸ,ڸ ,
,޹а 纭  ,
-,й ,
-, ± ,
-ٸ, ,
,ո-. 輭 ,
,ո̡ո-ٸ. ± ,
-, ,
???,?? ,
??ΰ,?? ,
-, ٽ ܴϰ    ,
-???, ,
-, ۼۼ  ,
帩-,. ϵ  ,
-ֱ,ٱ ,
,յ-. 渶 ؿ   ,
׳,(Ŀ  ) ,
??,??. . ̿  ,
-,մ-. . ڸ. ̴  ,
-, ,
-Ĵ, ,
-޷,ռ-. ɱ ,
-, ,
-縮,빶ġ ,
, ,
-, ,
,ձ ,
, ,
-,(ժ) ,
???-,-??? ռ-??? ڶѷ  ,
??,??ΰ ???. ٶ.  .     ,
-,ġ.  ,
-,ն-'???.' ۼۼ  ,
帩-, ,
帣-,鿡 ִ  ,
-Ÿ, Ÿ ,
??,?? ,
-, ,
-,¤ ,
,.  ,
-,ճ-Ĵ. .  ,
-, ,
,ٰ ,
, ,
-,ݳ  ,
,   ,
-, ,
???ä,± ,
???,???. ȣ  ,
??-,  ,
??,?? ߼ ,
ȣ-,ȣ  ,
-,  ,
, Ǵ  ⸧ κ ,
,̷չ-̷չ-Ĵ. ̶. ̶ ,
-, ,
-ģ,ġ. İŸ ,
,հ-. Ÿ ,
ɸ-,Ÿ  ,
Žø-,Ž ,
Ž-,հŽø-. ϱ ̸    ,
-,簥 ,
,() ,
, ,
-,ζ ȿ ִ  ,
-,ż ,
ĸ,ٴ尡 ġ   ū ׹() ,
ȸ߸,߸ ,
ȳ, Ŵ  ,
Ȱ-, ,
ȭ-ۼ,ɸۼ ,
ȭ, ٹ  ,
ȭ-, ,
Ȩ-̷, ,
Ȥ,Ȥ ,
ȣ޼,  (). Ϻ homa-eseng()   ,
, ,
Ǯ-??,Ǯ ,
Ǫ,() ,
-, ,
,纸(). . 麸 ,
,() ,
,(ܺ) ,
۷-,ķ. η. η ,
Ľ,ļ ,
ļ,ļĽ. ټ ,
,ֿ ,
,ġ2 ,
,. () ,
-ä,ä ,
???-۹,۹ٰ ,
??-Ŭ,Ʋ ,
-Ŭ,Ʋ ,
Ŭ,Ʋ ,
-???,չ ,
-, ޸  ,
ڳ,2 ,
2,ڲڳ. ð.   ,
???-,. ֽ ,
??, ,
ġ2,.â ,
,ߴ ,
-Ƿ,罽 ,
-, ,
-,¹ ,
û-, ,
ö-,ó () ,
ö-, ,
ô-,å ,
,߸ ,
-, ,
,߸ ,
???-,() ,
???,ڷ ,
???-,ܵ ,
??Ŭ,??ħ ,
??, ,
¡,(?) ,
-Į,Į ,
,(β) ,
,Ǿ ,
-,.     ,
,ȭ(). () ,
-׸,׸ ,
-,׼ ,
ָ,ָӴ ,
ֳ,ֳ ,
-,.  ,
-,̰    ,
-, . η  ,
,ڷ ִ ׹  ,
-׹, ,
,ٷ. ٸ ,
ڸ,   Ѱ ,
, ,
-, ,
,.  ,
,л   ,
-, 𼭸  ̴  ,
-,() ,
-,ö.  ,
-ġ, ,
-,  ׸ ,
嵵, մ  ,
߸2,. ڷ() ,
۽,۴ ,
,??. () ,
ڰ,簥 ,
ö,() ,
-μ,漮 ,
ܸ-,    ,
,ճ.  ,
-,       ,
-Ŭ, ,
-,.  ,
???,??? ,
??,?? ,
??-Ŀ,߼  ,
׸-,  ,
-,  ,
,ä   . ˹ġ ,
, ,
-, ,
, ,
-, ,
,. () ,
ɸ,Ÿ ,
Žø,Ž ,
Ž,հŽø. ϱ ̸   δ° ,
,õ() ,
-, ,
-, ,
-, ׷ ,
-,簥  ޼տ   ,
,հ.  ,
-, ,
ȸ,ȣ ,
ȭ,ɻ ,
ȭ,ȭ ,
ȭ-, ,
ȫ,ȫα ,
ȩ-縮, ȩ   ,
ȥ-,ȥ  ,
ȣ,() ,
,   ,
-ü, ü ,
ǳü-۽,. ۴ ,
Ǭü,ü ,
Ǫ-ü,Ű(ѹ) ,
-,-. .  ,
ǳ,ǳ ,
, ,
Ʋ,() ,
,.  ,
ļ,ļ ,
,ֿ ,
,ڿ ,
,ڹ ,
ֿ,. ڸ ,
¿,    ߿  ⱸ ,
??-ڻ,ū ٰ ,
Ұ-Ŭ,Ʋ ,
-Ŭ, ȴ Ʋ ,
-ٰ,'???'-۹.    ٰ  ,
-ڻ,չ ,
ڲ,2 ,
1,. ȸ ,
???-,÷ ,
ģ,. -ģ. -ģ. ָ-ģ ,
ġ1,Ű() ,
ߴ,׾Ƹ.  ,
-,Ÿ ,
-,´ ,
-,-. ´ٸ ,
÷-,???-. ˴  ,
ö-, ,
õ, ,
ô-,å. å ,
-, ,
, ,
, ,
,ū ⱸ ޸ ڷ. -. 濡- ,
???-, ,
???, ,
??, ,
??ħ,ħ ,
??,ڷ ,
-,. ߰ ,
, ,
-, ,
,Ǿ ,
-, ־  ٱ ,
-漮,  漮 ,
, ,
ֳ-,ֳ ϴ  ,
, ,
-,չ ,
-ü, ⸦ µ    ׹ ,
-,ʹ ,
-,  ,
-,   ,
̸, ,
ħ,??ħ ??Ŭ. ħ. Ʋ  ,
-,綳 ,
,-??. () ,
-ȭ,ûȭ ,
,'??.'  ,
, ,
,???. ٴ Ⱦ δ   ,
-,ġ. ì ,
-Ȳ,嵶 ,
,׷.  ,
߸1,ڷ ,
-,  ,
ڷ,߸'??''???.' ڷ. ä ,
,ε ,
,ְ ,
,  () ,
ܴ-,ܴ ,
-, Ź() ,
-,  ,
,.  ,
,(ˡ) ,
, ,
󷹱, ,
ۼ, ,
൹,൵ ,
ֱ-,ֱ⸦  ٱ ,
ȹ,嵹.  Ȱ ȹݡ̶  ,
Ƹ,þƸ ,
???,??? ,
??-, ,
??,׳ ,
, ,
-,. ǰ ,
,() ,
-, ,
-,ս-.  ΰ ,
-, µ   ,
ù-,߼ ,
-ú,ĳ ,
ܴ-,տܴ-. ܴ ,
,˼ ,
, ȩ   ,
,½ ,
,ġ ,
-,â ø   ,
,ָ   ,
,վ󷹱. 󷹺 ,
,׹ ٴ ׵θ  ,
൵,վ൹. ±(޴ ) ,
-,     ,
-,ߴ޸  ,
???Ű-Į,Į ,
???,'???.'  ,
??-,  ִ  ,
??-, ,
-, ,
-𱸸,ձ ǰ ,
-,ŵ ,
-,.  µ  Į ,
-,ս-.  ,
ü-, ,
ø,÷ ,
-,  ,
, ,
-, ,
-, ,
-, ,
1,ڸ ,
ڸ,ռ.  ü  ,
, ,
ٸ,ö() ,
-õ,ܱ ,
-ð,ȶҽð ,
һ,ۻ ,
ұ۷, Ӹ ʿ ٴ  ,
,ſ ,
-,- ,
-,- ,
-, ,
-,ٵչ ,
, ,
, ,
,(. . . ) ,
,ջ. () ,
-, ׸ ,
,׸(ˡ) ,
ﰩ-,     ,
-,â 쿡 ø   ,
췡,찭. ı⸦ ִ  ,
, ,
罽,ѻǷ. Ѿ ,
ٸ,ٸ ,
??,ٸ 踦  ⼱ ,
, ,
â,سడ    Ķ     ,
,. ; ,
õ,()   ,
-,ν˱ ,
ü,ü ,
, . ׵θ ,
, ,
μ, ȿ () ȭ   ,
-,պ-. ν˵ ,
,  ,
Ƿ,() ,
, ,
-θ,θ(ܺϢ) ,
,պ. (ܺ) ,
-, ,
, ,
-,,
û-???,ִ  ,
ڷ,  ε  1(?ة) ,
??,ϸ ڸ(ة) ,
,ٸ ,
߼,Ǵ ,
, ,
-,Ʋ ϴ   ż Ǵ Ÿ ,
,ظ(ة). (ة) ,
븰-,      ,
븰-,  (ӿ) ,
-,մٸ Ż(Ͽ) ż Ǵ Ÿ ,
-, Ǵ     ,
-,    ,
,  ,
, մٸ() ,
-???,??? ,
,ð     (ӿة) ,
,  . ġٿ  ߰ ,
ġ,  ,
-???,-???.    ,
¦-,ܰ ,
???-???,??? ,
,̸() ,
???,Ϸ ,
Ϸ,'???.'   㸮 κ ,
ϰ-,ϰ  . ϰ  ,
ϰ-λ縮,ϰ   ƴ   ,
ϰ, ϰ  ,
̼-,   ,
???,(ة).   ε  1 ,
,պ. Ȳ(ة) ,
,氥(ة) ,
, ˰  ٸ  ִ (ة) ,
-???,??? ,
븰,п    ִ 踻(ة) ,
, п    ְ   ִ 踻(ة) ,
-???,տ-??????-??? (ة. ة) ,
, ,
,տ. .  ,
-,¦-.     ٸ .(߷Ÿ) ,
,ٸ. ʱ Ѱ. Ϻ anaguma ? ,
-,۾ֱ ,
-۾ֱ,տ-.  ,
, ,
,տ.  ,
-,   ,
-η,   ,
,   ,
, ,
븰 ,      ,
ľ, .   ȥ()     ,
 , .     ,
˳븰 , .  .    ,
 , .     ,
-,վ.  ,
-, ,
-,谳 ,
, (?) ,
-, ,
-Ʊ,ֵ ,
ȩ,.  ȩ  ,
ư-, ,
???-, ,
??,   ,
-ٰŸ,궼 ,
-,̸   ִ  ,
-,. .    ,
-, ,
-, ,
,() ,
-,ս-'???'-. Ħ ,
-,ս-.       ,
, 趧 ,
-, ,
-ڳ,ھ ,
,۾ֱ ,
-ġ,ħ ,
ļ,     ,
,󷰼() ,
븰,   (ӿ) ,
ż,   ణ ִ   ,
븰ż,Ӹ    ణ ִ   ,
˳븰,     ,
,  ,
Ȳ,  ,
,.к   ǰ   ,
۾ֱ-,ġ ,
۾ֱ,ռ. ۾ ,
ֵ,վ-Ʊ.   Ʒκ ,
-???,??? ,
-, η  ,
-, ģ. ǲ ,
-۾ֱ,η۾.  ģ ۾ ,
-???,Ȱģ . ǲ ,
-???,ռ-???.  ģ . ǲ  ,
-,    ,
-],    ׾   ,
-, ,
-,   һ ,
, ,
,긻(ߣة) ,
-,帩 ,
-۾ֱ,  ۾ ,
,   ,
-,ɰ ,
, Ǵ  㸮 Ʒκ (ݻ) ,
ٴٸ,Ǻκ   ,
-,    ,
-,ϼ ,
-,Ȳ  (ة) ,
λ縮,  ƴ   ,
η,η ,
η-???,  Ǫ ƴѸ (ة) ,
η,պη. () ,
-ٸ,㸮    Ǵ ż ,
ϵ,   ,
??????, ٹڸӸ   ,
,Ʋ ϴ    ,
ôٸ,㸮   ,
ٴٸ,޴ٸ Ż(Ͽ)  ,
-,ż ,
ϵ,   ,
,Ʋ ϴ   ,
,մٸ Ż(Ͽ)  ,
,      ,
ôٸ,㸮   ,
η,   ,
ٴٸ,޴ٸ Ż(Ͽ)  ,
-???,Ÿ ,
-???, ,
,պ-???. 鸶(ة).  ,
-, ,
-,ƶ ,
-Ʒ,緯 ,
-ƶ,պ-. ˶ ,
簥-,簥.  ,
-,() ,
???,??? ,
???,???.   ,
???-, Ҷ ,
???-, ,
???,. ̸ ڱ  ִ ( °),
¼???,̸  ִ (ة) ,
η???, ʰ  ʰ Ǫ ƴ  (ة) ,
???,  (ة). (  .) ,
???,      ,
???,հ???.    ,
,  ,
, ( ) ,
???,??????.  (  ) ,
???,???.  (  ) ,
ûʸ,û???.   Ǫ ְ     ,
???,հ???.  (  ) ,
???, ,
,ʼ() ,
ȩ,(ƽ) ,
ϰ,ĥ(̸) ,
,() ,
ٽ,(ٽ) ,
,??() ,
,(縨) ,
ٰ,̼(̵) ,
ݽ,ݽ¸(ϸ) ,
??-, ,
-, ,
-,չ-.   ô   ,
-, ,
-,¥ һ ,
-ġ,??ġ ,
-,»-. . θ(ة) ,
-,  ,
??,?? ,
??,??.   ,
ζ-,     ,
-η,η ,
-η,ն-η.  ,
帩-,ջ-.   ,
-, .     ,
ư-, ,
׺,(Ү) ,
,ġ(ݻ) ,
İ,޴ٸ(4) ,
Ϸ,㸮 κ. ( ) ,
,(ݻ). (3) ,
-,  ٸ   ,
ζ-,    ,
,մٸ(2) ,
ۻ, (ݻ̷ˤ) ,
ֵ,վ-Ʊ. ӸϹݺ(ݻ) (1) ,
Ӹ-,Ӹ ݺ(ݻ߾) ,
-, ,
,ȥ () ,
,  ,
,  ,
,  ,
,.< ǰ  .> ,
,յ.  ,
-,̺ ,
-,յ-. .   Ǻκ ,
-,    һ ,
-,߹ٸ ,
-, ,
ٽ-η,ټ    ,
ٽ, ټ  ,
ٰ-۾ֱ,  ۾ ,
ٰ,   ,
???-???, ³  ,
븰-,Ȳ 踻(ة) ,
븰-,Ȳ () ,
븰-ż,Ӹ    ִ  ,
븰-, ,
븮, ,
,¥  ,
»,    ,
,     ,
ڻ,    ,
,ڷ    ,
밢,  ,
밢-,() һ.<һ ǰ .> ,
,ճ ???-. 㳪  ,
-,   ,
-η,   ,
,   ,
??-ġ,ո-ġ. 찳 ,
??-,  .(() ʼ-ű .) ,
-,   ,
̼-,   ,
ݽ-???,ݽ¸ ,
ݽ-,ձݽ-???.    (ة) ,
, ,
ϰ, ϰ  ,
,   ,
ٽ, ټ  ,
,   ,
,   ,
ٰ,   ,
ݽ,  () ,
-۾ֱ,  ۾ ,
-,ʹ ,
-Ĩ, 㸮 Ʒκ ,
-, . ġٿ  ߰ ,
-???,(ة) ,
, ,
ġ-, (ة) ,
η-,踻 ,
-???,-??? ,
-???,հ-???. ȸ(ة). (ުު) ,
,ձ.  ,
-, ,
-,հ-.   踻(ة) ,
-,()  () ,
-ż,  ִ   ,
˳븰-,Ȳ()    ,
˳븰-,   Ȳ ,
ɱ,  ,
-,   һ ,
-???, û()   (ة) ,
, ,
-,氥(ة) ,
-ٸ,޴ٸ ߾ ż Ǵ Ÿ ,
,??? ,
-???,հϡվ-. ̸ ڱ  ִ¸ (̡ة) ,
-???,??? ,
-,ٰ (ة) ,
-,  ,
-???,հ-???.    ,
-???,- ,
-,-???. (հ) ,
ұ-,ϱ ,
ϴ-,帩 ,
ϱ-,ұ. () ,
???-,??? ,
???-,ָ ,
???-,() ,
,() ,
,׷ ,
, ,
-,ָ ,
-ֱ,ξֱ ,
-???,??? ,
,.  ,
ܰ-???,ܰ ,
ܰ,տܰ-???. (ͮ) ,
-, ̸. 㿡 ο  ƴٴ ,
ø,÷ ,
÷,տø.  ,
,û. ξ ,
-ξֱ,ϺƸ ,
-???,ż ,
̺-,޻ Ī ,
-,ؾ ,
,. ߶ ,
-ξֱ,ֱ. Ƹ  ,
-???,-???. ż  ,
ҷα,ҷ ,
ҷ,˼ҷ ,
ҳ-,ڻ ,
2,ָ ,
1,() ,
, ,
-, ,
,ջ. .  ,
??-,Ͱ  ƴٴϴ () ,
ֱ,ֱ ,
ֱ,պֱ. Ƹ ,
,ѱ ,
ָ-,ջ̡-̡'???'-̡'???'-.  ,
ٴ-,ٴٻ ,
ð-,𽺰 ,
𽺰-,ոð-. Ҳ ,
??,Ͱ ,
??,Ͱ ,
Ͱ,ո?? ո??. ֶ.   ,
???-,  ,
???-,ް. (հ) ,
???-, ,
???, ,
帩-,ϴ- ޻ ,
ѷ,η ,
-ҷα,˼ҷ ,
-ҷ,ռҷն-ҷαռҷα. ְ ,
-,ռҳ-   ̸ ( ׵θ ) ,
, Ѱ ,
-???, ,
???,??? ,
???,???. 糯. .  ,
???-,??? ,
???ű,??? ,
???,???ű ???-. ű  ,
ⷹ,׷ ,
׽-ڻ, ??? ,
׷,ձⷹ. ⷯ ,
-ֱ,. ָ ,
-???, ,
-ڻ,??? ,
,???-. (?ή) ,
-???,հ-ڻձ׽-ڻ. һ ,
,Կ ,
Կ,հ.  ,
ġ,ġ ,
ġ,հġ. ġ ,
ȯ,ȯϿ   ,
, ϴ  ,
-,㹰  ,
-,   ,
-ֱ, ȭ ΰ ϳ ,
Ҹ-,Ҹ ϱ Ͽ   ,
Ҹ-,Ҹ ,
Ҹ-,Ҹ-. ڽ   ,
Ҹ-,Ҹ ϴ ε ° ϰ ٴ  ,
, ȣε ̡   Ī ,
Ǫٽ,ǪڰŸ ,
ְ, ȣ ,
ڽ,(ͱ) ,
ĥ-α,ĥ ,
ĥ,ĥ-α.  ̸ ,
Ģ-Ƽ,ִ ,
ý, ,
õ??-,Ѷ꿡   ̸ ,
õ??-,Ѷ꿡    ̸ ,
õ,  ̸ ,
õ-ҵ,(Գ). ұ ,
õ-,(߱). ù °  ,
õ-???,(?). ù°   ,
??û,溻 ΰ Ǵ   ̸ ,
,??û ƹ Ǵ  ̸ ,
-ҹ,() ұ ,
-,(߱).  °  ,
-???,(?).  °   ,
-Ҹ,Ҹ ,
걹,걹 () Ǵ  ̸ ,
׻, ,
,??û ӴϵǴ  ̸ ,
-Ҹ,ξ  ε  Ҿƹ桯 Ǿٰ ,
,ξ   ̸ ,
Դ,̳  ϱ Ͽ ͸   ϴ  ,
Ϸ-??,߻갣 ζ ִ μ ̷()Ǵ   ,
ο-ҵ,(Գ) ұ ,
ο-,(߱).  °  ,
ο-???,(?).  °   ,
õ,ϴÿ  ̶  ,
-,óԲ ڽ ޶   ,
-,( ). ܰ  ϰ ,
,¿ ()   ,
-罽, 罽 ,
-Ҹ, ,
, ,
,տ-Ҹ. ٴٿ   Ѹ 2  ưٰ ϴ  ̸ ,
-,¿    ,
-,տ.   Ͽ 2 13Ϻ 15ϱ ϴ   ,
,   ſ ġ .  . . Ƿ ,
-ҹ, ҹ() ,
-,()       ,
ɹ, ,
-, (ۮ) ,
??,氨 ΰ Ǵ  ̸ ,
۳,     ,
۱,õ Ƶμ Ѷ  Ǿ ,
õ,õڱ Դٴ ˼۴  ̸ ,
ҹ,ӸǴ  ؿ  縦   () ,
,ȭ ̸ ,
-,(). ()  ϰ ,
-ҵ, ұ ,
,(С) ,
-???,ϱ⿡    ,
-,ϱ⿡   (߾). ,
-Ҹ,Ҹ ,
-Ҹ,ջ-Ҹ -Ҹ.  ػ ְϴ  μ ֵ  缱⡯̶ Ҹ. . . .,
,  ĥ  ⱸμ     ִ    ,
-,(ߣί) Ѷ 뿡 ִ  ŵ ,
??θ-,͸   ̸ ,
,ų  뿩 ޾ ſ   ,
-, ȣ   ,
,().     ,
-Ǯ, ٺ Ǫ  ,
,(ʰ)  ̷  ٺ ,
-Ҹ,˼۴ . õ ƳǴ  ̸ (ڿ ȥϿ) ,
-,￡ ִٴ  ̸ ,
,ݺ ,
-,  Ͽ  ġ  ,
,  ִٴ   ,
, Ī(٢) ,
-ҵ, ұ ,
,ӿ () ´  ,
,  Ҿ Ű   ,
ܱ,ܰ ,
ܰ,մܱ.    žֹ ,
??Ӹ-,縮 ڿ  ̸ ,
-ϴ,ȭ    ̸ ,
, ȭ   ̸ ,
-,   ̱ Ͽ ſ   ,
,(ڦ) (ʰ) ΰ Ǵ  ̸ ,
, ,
ø, 翡  °  ÷綱 ,
ݻ,￡ Դٴ ȭ  ̸( ) ,
ݺ,պ. ǡ μ ￡ Դٴ ۴ ̸,
;-Ǯ, ,
-,įį   ,
-,縮  ̸ ,
???-???,  Ӹ   ,
,. 䳢 ,
»-,̸   () ,
곢,Ű. ڳ ,
ڰ-???,   ,
߸,ȸ  (ة. ة) ,
,???. ǲ  ,
-,ð.  ִ  (ӿة) ,
û-,û-???.   Ǫ ְ   ( ة) ,
???-, ,
???-, (ة) ,
-,ٸ  ,
ٸ, ,
߼, ,
,մٸ Ż(Ͽ)  ,
ȩ, ȩ . (() ) ,
ı, ,
걹,??θǡ ƳǴ  ̸ ,
,翡   Ͽ ŵ ϴ   ,
???,й() ,
ȣ-,Ӹ ,
켭,ؼ() ,
Ǯ-,ó ,
,.  ,
-,  ,
???-, ,
û,Ӱ ,
õ,ö ,
, ,
, ȿ  డ 뷡 θ ߸ ٴٸ⸦ ϴ  ,
-, ̸ ,
,. 屸() ,
,ڰ ,
׷-??,ζ  ,
-Ÿ,   ,
, ,
-,Ʒ ִ  ,
Ӹ-,Ӹ ִ  ,
-ɸ, ,
-,밢()   ,
??-, ̸ ,
-,䳻 ,
,  ,
,տ-ɸ. .  ,
, ,
-,׵β ,
,Ѹ ,
-۶,ٳѱ ,
-,Ӹ ,
-, ,
â,â(٣) ,
Ӹ-,ӷ» ,
???,??? ,
???-,  ִ   ձ  Ǵ  Ӹ ̴ ձ  ,
-, ,
-Ӹ,չ-̡ȣ-. ٱ ð ,
,. ¡. Ѱ ū  ,
븮-, ,
??, ,
???,ۿ() ,
-,̸ ,
,տ÷. ׳ ,
, ,
, ,
-,   ,
???-,   ִ ̰ Ǵ  ,
Ĵ,Ͼ߱ ,
,Ÿ ,
-Ÿü, ü ,
-,  ,
-, ,
???, ,
,渶 ,
-,¤  ,
, ,
,.   ״  ,
߹-ȣ,߰ ȣ ,
߹,߰ Ȯ ,
-, ,
, ,
ֵ,ֵ ,
-??,  ,
,???.   ,
, ,
̷, ,
, ,
,簥    ޾ ⸦     ,
,տ.  ,
쾾,ذŸ  ־  Ѹ  ,
-,-ֵ ,
-,ѹ ,
-, ,
غ-,簥  ⸦    ,
, ,
,   ٴ  (  ) ,
,᷹ ,
???-, ,
-, ,
, ͱ  Դ  ,
-,  ȵǴ ô  ,
θ-,簥  տ  Ҹ ϴ  ,
-Ŭ, ,
-???,⿡  ̴   ,
-Į,⿡  ̴   . 躲    Į ,
fp, մ  Ѱ ,
-,뵢 ,
,պ. 䵢. 뵢 ,
, ֿ  Ʒ Ű Ͽ    ,
-̷, ,
-,簥 ,
-,й ,
Ŭ,  ؿ ִ     ,
-, ٹ   ,
??, ٴٸ   ̸ ,
-, 硯 ϴ ε õ () () ó °̱⵵  ,
,쿰 ,
,༭() ,
-,  ,
, ,
-, ̸ ,
Ʀ-, ,
ּ,ʼ() ,
õ-,ö  ,
ô,å() ,
ٶ, ,
ֳ, ,
, ,
-, ¦ ,
÷, ,
,ħ Ѱ ,
 ø, ,
߾-,  ִ  ,
-,  ִ  ,
-,     ,
-ġ,ġ ,
-,ȳð ,
??,() ,
-,  ,
-,ħ ,
, ,
,ֳ. ʱ() ,
,ħ.  ? ȹ ,
,պ. () ,
,ٵ Ǵ   ,
???-, ̸ ,
鶼,ġ ,
Դ, ,
ӷ-,ոӸ-.  Ӹ ,
???,???.   ,
-,ܹ ,
-,ȸ.  ,
,ֵ ̿  ε ׻ ̻󿡴 岭ǡ   Ͽ ϡ  ,
,ջ. 뷡. ,
-, ð ,
,'??.' () ,
׸,׸ ,
,.  ,
, ,
-,  ,
,ղղղ.  ,
,ڿ    ,
???-迪,Ϸ  ,
巷-,.  ,
ȣ-,ȣڱ ,
???,Ÿ ,
-???,??? ,
-ٸ, ҿ   ,
ʹ, ,
-,-. ݿ  輭 ,
-,緡   ,
䰡, ,
-,¤  ,
-,¤ ,
, ,
߹-,߰  ,
-, ۿ ִ ׸  ƴ  ,
, ,
,̡.   ⸦   ,
-, ,
-ũ, ɾ  ,
-, ,
,粨. 貨. 簥 ,
,.  ,
-,  ,
, ,
ָӸ,   ,
ñ,  Ÿ ,
-???,??? ,
-ֵ,ֵռ-. Ҹ Ǯ翡 Ŵ    ,
-,ռ-. ϵ ,
-ɸ,Ÿ ,
,ռ.    ,
-,޷ ,
-,Ұ ,
-,簥  ޼տ   ,
,.  ,
Ҹ-,   ߸  ()ϴ  ,
, ,
, ,
, ,
-,䵢 ,
???-, ׷ ,
-Ĵ, ,
-,  ,
ٷ-, .   ,
-,.     ,
-, ,
-,() ,
-ڸ,ڸ ,
,޹а 纭  ,
-,й ,
-, ± ,
-ٸ, ,
,ո-. 輭 ,
,ո̡ո-ٸ. ± ,
-, ,
???,?? ,
??ΰ,?? ,
-, ٽ ܴϰ    ,
-???, ,
-, ۼۼ  ,
帩-,. ϵ  ,
-ֱ,ٱ ,
,յ-. 渶 ؿ   ,
׳,(Ŀ  ) ,
??,??. . ̿  ,
-,մ-. . ڸ. ̴  ,
-, ,
-Ĵ, ,
-޷,ռ-. ɱ ,
-, ,
-縮,빶ġ ,
, ,
-, ,
,ձ ,
, ,
-,(ժ) ,
???-,-??? ռ-??? ڶѷ  ,
??,??ΰ ???. ٶ.  .     ,
-,ġ.  ,
-,ն-'???.' ۼۼ  ,
帩-, ,
帣-,鿡 ִ  ,
-Ÿ, Ÿ ,
??,?? ,
-, ,
-,¤ ,
,.  ,
-,ճ-Ĵ. .  ,
-, ,
,ٰ ,
, ,
-,ݳ  ,
,   ,
-, ,
???ä,± ,
???,???. ȣ  ,
??-,  ,
??,?? ߼ ,
ȣ-,ȣ  ,
-,  ,
, Ǵ  ⸧ κ ,
,̷չ-̷չ-Ĵ. ̶. ̶ ,
-, ,
-ģ,ġ. İŸ ,
,հ-. Ÿ ,
ɸ-,Ÿ  ,
Žø-,Ž ,
Ž-,հŽø-. ϱ ̸    ,
-,簥 ,
,() ,
, ,
-,ζ ȿ ִ  ,
-,ż ,
ĸ,ٴ尡 ġ   ū ׹() ,
ȸ߸,߸ ,
ȳ, Ŵ  ,
Ȱ-, ,
ȭ-ۼ,ɸۼ ,
ȭ, ٹ  ,
ȭ-, ,
Ȩ-̷, ,
Ȥ,Ȥ ,
ȣ޼,  (). Ϻ homa-eseng()   ,
, ,
Ǯ-??,Ǯ ,
Ǫ,() ,
-, ,
,纸(). . 麸 ,
,() ,
,(ܺ) ,
۷-,ķ. η. η ,
Ľ,ļ ,
ļ,ļĽ. ټ ,
,ֿ ,
,ġ2 ,
,. () ,
-ä,ä ,
???-۹,۹ٰ ,
??-Ŭ,Ʋ ,
-Ŭ,Ʋ ,
Ŭ,Ʋ ,
-???,չ ,
-, ޸  ,
ڳ,2 ,
2,ڲڳ. ð.   ,
???-,. ֽ ,
??, ,
ġ2,.â ,
,ߴ ,
-Ƿ,罽 ,
-, ,
-,¹ ,
û-, ,
ö-,ó () ,
ö-, ,
ô-,å ,
,߸ ,
-, ,
,߸ ,
???-,() ,
???,ڷ ,
???-,ܵ ,
??Ŭ,??ħ ,
??, ,
¡,(?) ,
-Į,Į ,
,(β) ,
,Ǿ ,
-,.     ,
,ȭ(). () ,
-׸,׸ ,
-,׼ ,
ָ,ָӴ ,
ֳ,ֳ ,
-,.  ,
-,̰    ,
-, . η  ,
,ڷ ִ ׹  ,
-׹, ,
,ٷ. ٸ ,
ڸ,   Ѱ ,
, ,
-, ,
,.  ,
,л   ,
-, 𼭸  ̴  ,
-,() ,
-,ö.  ,
-ġ, ,
-,  ׸ ,
嵵, մ  ,
߸2,. ڷ() ,
۽,۴ ,
,??. () ,
ڰ,簥 ,
ö,() ,
-μ,漮 ,
ܸ-,    ,
,ճ.  ,
-,       ,
-Ŭ, ,
-,.  ,
???,??? ,
??,?? ,
??-Ŀ,߼  ,
׸-,  ,
-,  ,
,ä   . ˹ġ ,
, ,
-, ,
, ,
-, ,
,. () ,
ɸ,Ÿ ,
Žø,Ž ,
Ž,հŽø. ϱ ̸   δ° ,
,õ() ,
-, ,
-, ,
-, ׷ ,
-,簥  ޼տ   ,
,հ.  ,
-, ,
ȸ,ȣ ,
ȭ,ɻ ,
ȭ,ȭ ,
ȭ-, ,
ȫ,ȫα ,
ȩ-縮, ȩ   ,
ȥ-,ȥ  ,
ȣ,() ,
,   ,
-ü, ü ,
ǳü-۽,. ۴ ,
Ǭü,ü ,
Ǫ-ü,Ű(ѹ) ,
-,-. .  ,
ǳ,ǳ ,
, ,
Ʋ,() ,
,.  ,
ļ,ļ ,
,ֿ ,
,ڿ ,
,ڹ ,
ֿ,. ڸ ,
¿,    ߿  ⱸ ,
??-ڻ,ū ٰ ,
Ұ-Ŭ,Ʋ ,
-Ŭ, ȴ Ʋ ,
-ٰ,'???'-۹.    ٰ  ,
-ڻ,չ ,
ڲ,2 ,
1,. ȸ ,
???-,÷ ,
ģ,. -ģ. -ģ. ָ-ģ ,
ġ1,Ű() ,
ߴ,׾Ƹ.  ,
-,Ÿ ,
-,´ ,
-,-. ´ٸ ,
÷-,???-. ˴  ,
ö-, ,
õ, ,
ô-,å. å ,
-, ,
, ,
, ,
,ū ⱸ ޸ ڷ. -. 濡- ,
???-, ,
???, ,
??, ,
??ħ,ħ ,
??,ڷ ,
-,. ߰ ,
, ,
-, ,
,Ǿ ,
-, ־  ٱ ,
-漮,  漮 ,
, ,
ֳ-,ֳ ϴ  ,
, ,
-,չ ,
-ü, ⸦ µ    ׹ ,
-,ʹ ,
-,  ,
-,   ,
̸, ,
ħ,??ħ ??Ŭ. ħ. Ʋ  ,
-,綳 ,
,-??. () ,
-ȭ,ûȭ ,
,'??.'  ,
, ,
,???. ٴ Ⱦ δ   ,
-,ġ. ì ,
-Ȳ,嵶 ,
,׷.  ,
߸1,ڷ ,
-,  ,
ڷ,߸'??''???.' ڷ. ä ,
,ε ,
,ְ ,
,  () ,
ܴ-,ܴ ,
-, Ź() ,
-,  ,
,.  ,
,(ˡ) ,
, ,
󷹱, ,
ۼ, ,
൹,൵ ,
ֱ-,ֱ⸦  ٱ ,
ȹ,嵹.  Ȱ ȹݡ̶  ,
Ƹ,þƸ ,
???,??? ,
??-, ,
??,׳ ,
, ,
-,. ǰ ,
,() ,
-, ,
-,ս-.  ΰ ,
-, µ   ,
ù-,߼ ,
-ú,ĳ ,
ܴ-,տܴ-. ܴ ,
,˼ ,
, ȩ   ,
,½ ,
,ġ ,
-,â ø   ,
,ָ   ,
,վ󷹱. 󷹺 ,
,׹ ٴ ׵θ  ,
൵,վ൹. ±(޴ ) ,
-,     ,
-,ߴ޸  ,
???Ű-Į,Į ,
???,'???.'  ,
??-,  ִ  ,
??-, ,
-, ,
-𱸸,ձ ǰ ,
-,ŵ ,
-,.  µ  Į ,
-,ս-.  ,
ü-, ,
ø,÷ ,
-,  ,
, ,
-, ,
-, ,
-, ,
1,ڸ ,
ڸ,ռ.  ü  ,
, ,
ٸ,ö() ,
-õ,ܱ ,
-ð,ȶҽð ,
һ,ۻ ,
ұ۷, Ӹ ʿ ٴ  ,
,ſ ,
-,- ,
-,- ,
-, ,
-,ٵչ ,
, ,
, ,
,(. . . ) ,
,ջ. () ,
-, ׸ ,
,׸(ˡ) ,
ﰩ-,     ,
-,â 쿡 ø   ,
췡,찭. ı⸦ ִ  ,
, ,
罽,ѻǷ. Ѿ ,
ٸ,ٸ ,
??,ٸ 踦  ⼱ ,
, ,
â,سడ    Ķ     ,
,. ; ,
õ,()   ,
-,ν˱ ,
ü,ü ,
, . ׵θ ,
, ,
μ, ȿ () ȭ   ,
-,պ-. ν˵ ,
,  ,
Ƿ,() ,
, ,
-θ,θ(ܺϢ) ,
,պ. (ܺ) ,
-, ,
, ,
-,,
-??,긶 ,
-, ,
-,꿡 ڱ 귯  ,
-θ,θ ,
ⷹ, ,
,ջⷹ. ׷. ݼ ,
γ, Ŵ 9ϰ 24 ().    ,
,帣 ,
,̸ (Byeogpajin. ܡ) ,
,.  ,
,̳ ٴ尡  ,
-,εջ ,
,ݴ() ,
ٿ,() ,
ٸ,  ٴ ,
ٴ,ٴ ,
???,?? ,
???,?? ,
??,?? ,
??,??. () ,
??,???̡???. ̳   ,
̸,  帣  (׵) ,
-,. ñâ.  칰. . . õ ,
-â, () ,
-,ι  ε. Ϻ ̴. ο Ʋ⡯  ,
-,??   ,
??-,   ,
-,ȩ   ,
ȩ-,买   ,
-,-. ϰ   ,
ϰ-,   ,
-,-. ټ   ,
ټ-,ʹ   ,
-,   ,
-,ι   ,
-,??   ,
??-,ֵ Ϻο  Ŵ 10ϰ 25 . ο Ŵ 9ϰ 24  ,
-, ƴ ε.  Ŵ10Ϻ 21ϱ 25Ϻ  6ϱ ,
-,.  ,
-, ,
-ٸ, () ,
-, ,
-,()  üҰ ִ   ,
-â,ٸ  ,
-,ֵ Ϻο  Ŵ ϰ 22. ο 6ϰ 21 ε. Ϻο . ο. . . . ,
-,ö  ٴٿ з  ,
帣,պ. () ,
ε,. ε ,
-,Ƽ.  ,
, ,
,밡 ֵϴ  () ,
,.  .  ,
,ٴ尡 ū  ,
, ,
??,() ,
, ,
, ,
,մ. ū  ,
-ì,ì ,
-, ,
-ġ,ì ,
, ,
,ձ.  ,
,() ,
θ,ջ-θ. ȭ (Ϣ) ,
, ,
, ,
,ձձ.   ,
,     ڴ  ,
-, ,
ì,ì ,
°,¥ ,
ġ,ì ,
ì,հġհì̡ճ-ġճ-ì. â. â ,
,.  ,
Ÿ-, ,
-Ӹ, ,
-â,ٴ ,
-,-Ӹ. (Ϣ). ε() ,
-ī,-   ,
-,Ʒ  ,
-,  ,
-ī,  ,
, е Ÿ ,
-,ָ  ܷο ,
-Ӹ, ,
-,-Ӹ. ޹ ,
-,ص ,
,() ,
-,Թڴ ,
??, ,
??, ,
װ, ,
???,ϴ ,
ϴ-??,ʿ  ٶ() ,
ݰ,ݱ.  ,
???-??,ٶ ,
, ,
ܺ, ,
??-,ڱ ̴ ٶ ,
-,ڱ   ,
-,ڱ ̴  ܿ ٶ ,
-,ڱ   ,
,. . ٶ  ڱ ų ̴° ,
-縮,     ,
, ,
,. Ȱ. () ,
-, ,
絵,ٶ  ٲپ  ʿ  ٶ ,
Ż-??, ,
-, ,
,ս-. ҳ ,
ϴ-??,ϼʿ  ٶ() ,
-縮, .    ,
-??,ʿ  ٶ() ,
-??,ʿ  ٶ() ,
-ϴ,ʿ  ٶ() ,
-, ,
,װ/ ??/ ??.  ,
??-,۹ٶ ,
??-,ٶ ,
??,?? ,
??,??. ٶ ,
-,ۺ ,
-, ,
, ,
, ,
,պ. () ,
, ,
, ذ ٶ δ° ,
̸,() ,
-, ,
, ,
-??,`??.` ,
-??,ո-??. ʿ  ٶ () ,
???-Ӹ,??? ,
???-,ٴ ,
???-,`???`-Ӹ. ޹ ,
???, ,
-??,ʿ  ٶ() ,
,帧 ,
, ,
-,ڱ ̴ ʰܿ ٶ ,
,ʰܿ ٶ ,
, ,
,յ̡յ̡ո. ȸٶ ,
-??,?? ,
-, ,
-ϴ,Ϻϵʿ  ٶ() ,
-,սŻ-`??.` ϵʿ  ٶ() ,
-??,ϵʿ  ٶ () ,
, ,
, ,
,ճճ. ǳ( ,
??, ,
??-, ,
ǵ-, 帶ö ʿ  ޸ϸ鼭 մ޾  ٶ,
,ڱ ̴ ǳ ,
-??,-??. ʿ  ٶ(),
